total_time_seconds,code_submissions,submission_frequency_per_min,code_structure_changes,retries,hint_requests,experiments_started,question_level_numeric,accuracy_rate,learner_type
192.39,13,4.05,35,4,2,3,1,0.94,Experimental Learner
320.84,14,2.62,9,13,1,6,2,0.91,Experimental Learner
334.42,15,2.69,20,8,0,2,2,0.44,Experimental Learner
263.72,7,1.59,31,11,1,2,3,0.89,Experimental Learner
102.02,11,6.47,21,8,0,6,1,0.78,Experimental Learner
387.98,12,1.86,16,13,1,2,2,0.5,Experimental Learner
506.78,2,0.24,2,2,6,1,2,0.93,Manual Learner
145.58,20,8.24,34,8,2,8,2,0.56,Experimental Learner
81.71,21,15.42,11,12,0,8,3,0.77,Experimental Learner
318.87,15,2.82,21,9,1,2,1,0.46,Experimental Learner
204.31,21,6.17,24,3,2,6,2,0.7,Experimental Learner
142.46,16,6.74,6,7,1,9,1,0.62,Experimental Learner
116.56,21,10.81,7,13,0,9,1,0.76,Experimental Learner
320.04,24,4.5,28,7,1,5,3,0.49,Experimental Learner
217.54,4,1.1,6,2,4,1,1,0.8,Manual Learner
672.24,2,0.18,4,0,4,0,1,0.85,Manual Learner
215.74,2,0.56,1,1,7,0,3,0.88,Manual Learner
876.88,2,0.14,6,1,6,1,2,0.71,Manual Learner
826.95,1,0.07,4,2,3,1,1,0.83,Manual Learner
792.46,1,0.08,6,1,6,1,2,0.85,Manual Learner
270.44,17,3.77,7,12,1,8,1,0.67,Experimental Learner
258.39,3,0.7,1,0,5,1,1,0.97,Manual Learner
158.34,16,6.06,25,6,0,3,3,0.67,Experimental Learner
60.61,9,8.91,22,11,1,5,3,0.71,Experimental Learner
128.78,24,11.18,16,9,1,8,2,0.41,Experimental Learner
361.58,15,2.49,9,6,1,4,1,0.77,Experimental Learner
644.57,3,0.28,6,3,6,0,1,0.97,Manual Learner
178.06,1,0.34,4,2,4,0,3,0.92,Manual Learner
864.67,3,0.21,3,2,5,1,1,0.97,Manual Learner
183.68,2,0.65,4,3,7,0,3,0.9,Manual Learner
360.58,6,1.0,23,8,0,2,3,0.76,Experimental Learner
220.85,3,0.82,6,1,3,0,3,0.7,Manual Learner
773.33,4,0.31,2,2,3,0,2,0.95,Manual Learner
382.74,4,0.63,6,1,7,0,2,0.66,Manual Learner
322.24,2,0.37,1,0,6,1,1,0.8,Manual Learner
245.01,12,2.94,11,13,2,2,3,0.81,Experimental Learner
242.82,3,0.74,7,0,4,1,1,0.8,Manual Learner
383.58,14,2.19,15,14,2,5,1,0.71,Experimental Learner
69.18,19,16.48,9,11,1,2,3,0.73,Experimental Learner
327.61,13,2.38,21,10,2,8,1,0.46,Experimental Learner
324.82,13,2.4,13,7,1,8,2,0.88,Experimental Learner
182.65,6,1.97,18,14,1,2,2,0.88,Experimental Learner
121.7,9,4.44,13,14,2,8,3,0.46,Experimental Learner
595.83,2,0.2,2,0,6,0,1,0.66,Manual Learner
91.25,7,4.6,14,9,0,5,1,0.41,Experimental Learner
280.98,4,0.85,1,1,5,1,3,0.76,Manual Learner
528.39,3,0.34,7,3,7,1,1,0.67,Manual Learner
337.04,3,0.53,4,3,4,0,1,0.75,Manual Learner
67.62,5,4.44,34,4,0,5,3,0.45,Experimental Learner
363.98,9,1.48,39,6,2,6,3,0.75,Experimental Learner
79.78,21,15.79,23,6,1,9,3,0.65,Experimental Learner
629.67,1,0.1,2,0,2,0,2,0.77,Manual Learner
425.63,3,0.42,3,2,3,0,2,0.87,Manual Learner
861.64,3,0.21,7,3,4,1,1,0.81,Manual Learner
271.46,8,1.77,33,9,1,8,2,0.56,Experimental Learner
104.89,16,9.15,29,9,2,9,1,0.74,Experimental Learner
694.29,3,0.26,1,2,7,1,1,0.98,Manual Learner
249.66,13,3.12,32,14,2,9,3,0.54,Experimental Learner
65.17,14,12.89,26,5,0,3,2,0.71,Experimental Learner
223.37,19,5.1,31,14,2,6,2,0.73,Experimental Learner
74.3,20,16.15,9,11,0,5,2,0.63,Experimental Learner
278.36,19,4.1,16,11,2,8,3,0.55,Experimental Learner
385.83,2,0.31,2,3,2,0,3,0.78,Manual Learner
697.26,1,0.09,4,3,7,0,3,0.79,Manual Learner
889.97,1,0.07,6,3,7,0,1,0.94,Manual Learner
75.11,14,11.18,25,3,2,6,1,0.65,Experimental Learner
139.28,24,10.34,21,6,1,2,1,0.91,Experimental Learner
70.92,12,10.15,39,3,2,7,1,0.86,Experimental Learner
899.33,1,0.07,5,0,5,1,1,0.96,Manual Learner
330.62,2,0.36,2,3,6,1,1,0.96,Manual Learner
43.38,4,5.53,5,4,0,8,2,0.84,Experimental Learner
787.06,1,0.08,1,2,6,1,3,0.91,Manual Learner
340.05,13,2.29,6,8,0,2,1,0.68,Experimental Learner
263.1,5,1.14,34,8,0,8,3,0.51,Experimental Learner
682.43,3,0.26,7,2,5,1,1,0.85,Manual Learner
813.11,2,0.15,5,1,3,0,1,0.67,Manual Learner
199.67,15,4.51,32,6,1,8,2,0.48,Experimental Learner
141.5,12,5.09,25,9,2,4,2,0.92,Experimental Learner
531.26,3,0.34,3,3,4,0,1,0.65,Manual Learner
378.53,3,0.48,3,3,5,0,2,0.76,Manual Learner
313.22,4,0.77,5,2,3,1,1,0.77,Manual Learner
113.47,6,3.17,25,7,1,6,3,0.76,Experimental Learner
147.0,9,3.67,32,7,1,3,2,0.74,Experimental Learner
534.55,4,0.45,6,2,7,0,3,0.8,Manual Learner
325.95,9,1.66,16,9,2,5,2,0.46,Experimental Learner
781.49,4,0.31,1,0,3,1,2,0.67,Manual Learner
707.02,4,0.34,1,1,6,1,3,0.75,Manual Learner
600.63,3,0.3,1,2,4,1,3,1.0,Manual Learner
145.06,20,8.27,29,4,2,8,2,0.75,Experimental Learner
306.79,4,0.78,4,1,2,1,1,0.93,Manual Learner
235.71,8,2.04,34,12,2,7,1,0.65,Experimental Learner
210.04,4,1.14,6,0,4,0,2,0.66,Manual Learner
830.33,4,0.29,1,2,3,0,1,0.8,Manual Learner
212.52,4,1.13,7,6,0,8,3,0.75,Experimental Learner
277.98,20,4.32,31,10,0,7,2,0.7,Experimental Learner
783.36,2,0.15,4,2,6,1,3,0.8,Manual Learner
247.24,6,1.46,34,7,1,6,2,0.69,Experimental Learner
448.91,4,0.53,7,2,5,0,1,0.74,Manual Learner
168.62,3,1.07,7,2,4,0,1,0.84,Manual Learner
358.52,1,0.17,5,2,5,1,3,0.85,Manual Learner
311.73,17,3.27,36,9,2,4,3,0.83,Experimental Learner
72.22,14,11.63,30,12,1,7,2,0.76,Experimental Learner
394.29,7,1.07,15,12,2,9,3,0.59,Experimental Learner
180.71,3,1.0,6,3,4,1,3,0.79,Manual Learner
182.28,5,1.65,32,10,0,3,2,0.84,Experimental Learner
334.36,9,1.62,6,3,1,9,1,0.46,Experimental Learner
293.91,17,3.47,32,3,2,7,3,0.84,Experimental Learner
325.9,1,0.18,5,0,7,0,1,0.81,Manual Learner
40.95,19,27.84,19,11,2,6,3,0.53,Experimental Learner
158.77,20,7.56,34,13,0,7,2,0.62,Experimental Learner
814.92,4,0.29,2,2,2,1,2,0.89,Manual Learner
399.54,17,2.55,15,12,1,6,1,0.72,Experimental Learner
289.33,19,3.94,25,3,1,5,3,0.67,Experimental Learner
424.03,1,0.14,1,1,3,1,1,0.78,Manual Learner
157.02,13,4.97,19,13,2,9,3,0.7,Experimental Learner
822.75,2,0.15,2,2,3,1,3,0.81,Manual Learner
248.58,17,4.1,27,3,0,8,1,0.58,Experimental Learner
805.74,1,0.07,2,0,5,0,3,0.91,Manual Learner
507.19,4,0.47,7,2,6,0,3,0.96,Manual Learner
98.52,7,4.26,24,6,0,5,2,0.93,Experimental Learner
190.2,6,1.89,6,14,2,7,1,0.42,Experimental Learner
199.15,4,1.21,4,1,5,1,1,0.62,Manual Learner
438.38,4,0.55,1,3,6,0,1,0.72,Manual Learner
462.46,1,0.13,1,1,2,0,3,0.6,Manual Learner
211.12,4,1.14,16,7,1,6,3,0.86,Experimental Learner
391.87,3,0.46,2,3,4,1,3,0.69,Manual Learner
847.79,2,0.14,1,1,4,1,3,0.66,Manual Learner
253.65,1,0.24,7,0,2,1,1,0.61,Manual Learner
615.11,2,0.2,2,0,5,0,2,0.94,Manual Learner
790.03,3,0.23,5,1,2,1,3,0.94,Manual Learner
839.1,3,0.21,4,3,5,1,3,0.74,Manual Learner
147.81,15,6.09,32,4,1,4,1,0.63,Experimental Learner
208.58,4,1.15,1,2,4,0,1,0.67,Manual Learner
291.99,10,2.05,30,12,0,2,3,0.73,Experimental Learner
257.79,3,0.7,5,0,3,1,2,1.0,Manual Learner
162.43,3,1.11,7,2,5,0,1,0.96,Manual Learner
228.39,7,1.84,26,5,0,7,1,0.73,Experimental Learner
647.72,4,0.37,6,0,2,0,2,0.69,Manual Learner
123.86,17,8.24,26,5,1,6,2,0.77,Experimental Learner
239.77,9,2.25,31,11,2,3,2,0.68,Experimental Learner
747.02,2,0.16,4,1,4,1,1,0.96,Manual Learner
661.94,2,0.18,2,1,7,0,1,0.68,Manual Learner
367.66,9,1.47,12,7,1,9,3,0.88,Experimental Learner
537.76,1,0.11,6,2,6,1,3,0.83,Manual Learner
827.98,3,0.22,7,3,6,1,1,0.68,Manual Learner
38.56,8,12.45,39,14,1,8,3,0.89,Experimental Learner
389.35,2,0.31,5,2,5,0,2,0.84,Manual Learner
203.03,5,1.48,11,7,1,4,2,0.47,Experimental Learner
663.42,1,0.09,3,0,7,1,1,0.64,Manual Learner
355.98,11,1.85,14,8,0,9,1,0.69,Experimental Learner
125.99,6,2.86,6,3,1,2,3,0.76,Experimental Learner
70.96,8,6.76,13,4,0,4,3,0.88,Experimental Learner
394.29,16,2.43,39,7,2,6,1,0.48,Experimental Learner
564.67,2,0.21,1,3,7,1,2,0.82,Manual Learner
339.94,2,0.35,2,0,7,0,2,0.89,Manual Learner
428.44,4,0.56,3,0,6,0,3,0.68,Manual Learner
74.64,8,6.43,36,11,0,5,1,0.87,Experimental Learner
460.18,1,0.13,4,0,3,1,3,0.94,Manual Learner
155.55,15,5.79,23,11,0,4,1,0.49,Experimental Learner
358.56,4,0.67,32,6,1,4,2,0.69,Experimental Learner
190.79,11,3.46,9,7,0,3,3,0.67,Experimental Learner
90.52,11,7.29,24,14,0,3,1,0.42,Experimental Learner
837.64,1,0.07,3,3,5,0,2,0.76,Manual Learner
99.28,21,12.69,39,4,2,8,3,0.66,Experimental Learner
840.5,3,0.21,3,2,2,1,2,0.92,Manual Learner
307.81,17,3.31,32,12,0,3,3,0.64,Experimental Learner
30.85,15,29.17,39,6,0,9,1,0.65,Experimental Learner
264.25,4,0.91,5,1,4,0,3,0.73,Manual Learner
200.61,10,2.99,28,10,1,2,2,0.92,Experimental Learner
282.93,1,0.21,5,3,7,1,1,0.78,Manual Learner
307.36,9,1.76,39,8,1,8,2,0.57,Experimental Learner
165.54,19,6.89,30,7,1,9,2,0.8,Experimental Learner
365.62,10,1.64,19,5,1,5,2,0.62,Experimental Learner
244.36,4,0.98,1,1,6,0,2,0.87,Manual Learner
394.91,4,0.61,2,0,6,1,3,0.7,Manual Learner
77.86,22,16.95,14,12,0,4,1,0.77,Experimental Learner
104.93,24,13.72,23,9,2,8,3,0.74,Experimental Learner
619.11,1,0.1,3,2,7,1,2,0.87,Manual Learner
450.05,3,0.4,7,3,5,0,2,0.97,Manual Learner
149.22,21,8.44,24,11,1,5,2,0.58,Experimental Learner
834.5,4,0.29,7,1,7,1,3,0.9,Manual Learner
312.16,6,1.15,21,10,1,7,1,0.75,Experimental Learner
343.36,2,0.35,5,1,4,0,1,0.93,Manual Learner
92.05,11,7.17,5,3,1,5,3,0.86,Experimental Learner
730.75,3,0.25,1,0,4,0,3,0.68,Manual Learner
467.1,2,0.26,5,3,7,0,3,0.63,Manual Learner
743.05,1,0.08,2,1,7,0,2,0.64,Manual Learner
95.25,7,4.41,19,9,1,3,2,0.78,Experimental Learner
397.06,4,0.6,39,3,1,2,1,0.8,Experimental Learner
147.78,10,4.06,21,5,1,3,1,0.77,Experimental Learner
740.6,3,0.24,6,3,6,1,2,0.73,Manual Learner
326.51,7,1.29,22,5,2,4,1,0.88,Experimental Learner
265.14,2,0.45,4,1,2,1,1,0.6,Manual Learner
730.97,1,0.08,1,1,5,1,3,0.67,Manual Learner
795.6,2,0.15,6,2,5,0,3,0.64,Manual Learner
703.35,3,0.26,2,1,6,0,2,0.9,Manual Learner
166.12,12,4.33,12,10,0,7,3,0.47,Experimental Learner
282.22,1,0.21,2,0,6,0,2,1.0,Manual Learner
640.15,1,0.09,4,3,4,0,3,0.99,Manual Learner
101.15,16,9.49,12,8,1,9,1,0.8,Experimental Learner
233.84,12,3.08,33,7,2,5,1,0.43,Experimental Learner
209.89,17,4.86,14,6,1,4,3,0.85,Experimental Learner
172.59,19,6.61,14,4,1,3,1,0.71,Experimental Learner
54.45,11,12.12,5,3,0,6,3,0.76,Experimental Learner
817.7,1,0.07,4,3,4,1,3,0.62,Manual Learner
589.33,2,0.2,2,1,6,0,1,0.64,Manual Learner
467.05,3,0.39,2,0,2,1,3,0.73,Manual Learner
191.45,3,0.94,3,1,3,1,2,0.68,Manual Learner
373.98,18,2.89,8,12,0,2,1,0.74,Experimental Learner
789.29,4,0.3,6,0,6,1,2,1.0,Manual Learner
450.95,1,0.13,3,1,7,0,2,0.92,Manual Learner
883.98,2,0.14,4,2,4,0,3,0.75,Manual Learner
588.56,2,0.2,1,2,3,0,1,0.64,Manual Learner
248.05,16,3.87,17,11,1,5,2,0.75,Experimental Learner
375.13,19,3.04,18,12,0,4,2,0.71,Experimental Learner
273.74,11,2.41,24,7,0,9,2,0.61,Experimental Learner
274.55,3,0.66,6,3,4,1,1,0.83,Manual Learner
125.25,15,7.19,33,14,2,3,2,0.77,Experimental Learner
859.14,4,0.28,3,0,7,1,2,0.6,Manual Learner
660.31,4,0.36,4,0,2,0,3,0.94,Manual Learner
202.33,13,3.86,5,9,2,9,1,0.88,Experimental Learner
573.81,1,0.1,2,2,2,0,3,0.8,Manual Learner
387.2,5,0.77,38,12,2,8,1,0.73,Experimental Learner
168.55,6,2.14,8,7,2,6,2,0.71,Experimental Learner
254.67,23,5.42,19,14,1,3,2,0.47,Experimental Learner
339.96,5,0.88,14,11,0,7,3,0.41,Experimental Learner
201.56,13,3.87,29,9,0,7,3,0.61,Experimental Learner
44.84,16,21.41,21,14,1,9,1,0.48,Experimental Learner
408.11,1,0.15,1,2,7,0,2,0.92,Manual Learner
59.87,16,16.03,27,14,2,9,2,0.64,Experimental Learner
176.92,1,0.34,4,1,7,0,3,0.62,Manual Learner
141.65,14,5.93,36,7,0,4,3,0.86,Experimental Learner
194.87,1,0.31,6,3,2,1,2,0.97,Manual Learner
176.98,20,6.78,20,14,0,3,3,0.57,Experimental Learner
364.54,1,0.16,7,0,2,1,3,0.88,Manual Learner
391.08,17,2.61,34,7,2,7,1,0.84,Experimental Learner
231.09,24,6.23,36,5,2,5,3,0.67,Experimental Learner
172.95,9,3.12,17,5,1,2,1,0.44,Experimental Learner
195.05,8,2.46,37,13,1,2,1,0.49,Experimental Learner
881.8,4,0.27,2,1,5,1,3,0.99,Manual Learner
186.84,2,0.64,2,3,2,0,1,0.83,Manual Learner
228.77,17,4.46,26,12,0,6,3,0.74,Experimental Learner
381.07,6,0.94,17,4,0,5,1,0.64,Experimental Learner
169.97,10,3.53,31,4,1,5,1,0.58,Experimental Learner
278.96,7,1.51,20,12,0,8,3,0.49,Experimental Learner
99.52,21,12.66,8,10,1,6,2,0.68,Experimental Learner
896.11,1,0.07,4,2,4,1,2,0.63,Manual Learner
114.35,19,9.97,27,10,0,6,3,0.66,Experimental Learner
205.96,19,5.54,7,12,2,7,2,0.83,Experimental Learner
628.45,1,0.1,6,3,5,0,2,0.87,Manual Learner
385.42,18,2.8,17,10,1,7,3,0.68,Experimental Learner
200.09,15,4.5,12,10,2,4,1,0.51,Experimental Learner
306.49,8,1.57,36,11,0,6,1,0.93,Experimental Learner
298.25,2,0.4,3,1,5,0,3,0.9,Manual Learner
94.82,19,12.02,17,12,1,8,1,0.55,Experimental Learner
245.46,3,0.73,4,3,6,0,1,0.79,Manual Learner
306.76,6,1.17,33,5,1,5,3,0.53,Experimental Learner
282.27,1,0.21,4,1,4,1,1,0.9,Manual Learner
354.6,2,0.34,1,0,4,1,1,0.75,Manual Learner
722.37,1,0.08,7,1,4,1,2,0.95,Manual Learner
257.0,13,3.04,36,12,2,6,3,0.65,Experimental Learner
161.85,3,1.11,4,1,4,0,2,0.83,Manual Learner
339.55,24,4.24,8,11,0,3,3,0.87,Experimental Learner
352.98,6,1.02,36,4,0,3,2,0.55,Experimental Learner
377.36,13,2.07,17,14,1,6,1,0.49,Experimental Learner
193.46,3,0.93,7,3,4,0,3,0.87,Manual Learner
281.6,1,0.21,6,3,3,1,3,0.66,Manual Learner
331.36,12,2.17,13,14,0,4,3,0.55,Experimental Learner
474.39,3,0.38,2,3,6,1,3,0.75,Manual Learner
108.84,18,9.92,5,9,1,4,3,0.42,Experimental Learner
539.19,3,0.33,6,3,2,0,2,0.9,Manual Learner
291.63,1,0.21,2,2,4,0,2,0.94,Manual Learner
285.45,6,1.26,39,4,1,7,2,0.91,Experimental Learner
697.36,1,0.09,6,3,2,0,2,0.68,Manual Learner
497.87,1,0.12,3,0,6,0,3,0.92,Manual Learner
355.6,1,0.17,2,1,2,0,3,0.76,Manual Learner
785.0,3,0.23,3,1,2,0,1,0.86,Manual Learner
108.05,12,6.66,37,10,2,3,3,0.53,Experimental Learner
800.57,3,0.22,3,0,5,1,3,0.65,Manual Learner
377.25,6,0.95,30,14,1,2,3,0.69,Experimental Learner
333.59,7,1.26,31,10,0,5,1,0.53,Experimental Learner
216.95,14,3.87,25,13,1,8,3,0.9,Experimental Learner
702.39,2,0.17,5,1,5,1,1,0.92,Manual Learner
297.08,21,4.24,37,4,2,5,2,0.75,Experimental Learner
395.05,8,1.22,8,10,1,6,3,0.56,Experimental Learner
171.63,16,5.59,39,8,2,8,1,0.82,Experimental Learner
604.77,2,0.2,5,3,6,1,1,0.69,Manual Learner
238.5,16,4.03,22,8,0,5,2,0.88,Experimental Learner
447.33,2,0.27,7,3,2,0,3,0.7,Manual Learner
306.05,19,3.72,35,6,0,6,2,0.83,Experimental Learner
323.06,2,0.37,1,1,7,0,3,0.85,Manual Learner
226.7,6,1.59,21,4,1,2,2,0.51,Experimental Learner
330.35,5,0.91,17,14,1,3,1,0.93,Experimental Learner
371.1,21,3.4,16,12,0,4,1,0.45,Experimental Learner
203.48,1,0.29,7,0,2,0,1,0.93,Manual Learner
316.53,4,0.76,27,7,2,4,2,0.69,Experimental Learner
195.54,18,5.52,17,5,1,2,1,0.84,Experimental Learner
265.15,4,0.91,2,3,7,1,1,0.87,Manual Learner
58.77,22,22.46,31,5,0,8,1,0.78,Experimental Learner
139.16,24,10.35,24,5,0,4,2,0.74,Experimental Learner
260.71,23,5.29,9,6,2,6,3,0.78,Experimental Learner
485.13,1,0.12,3,1,2,1,1,0.78,Manual Learner
117.71,21,10.7,34,8,1,2,3,0.66,Experimental Learner
259.3,19,4.4,37,14,1,9,2,0.73,Experimental Learner
56.58,12,12.72,23,11,1,6,3,0.67,Experimental Learner
386.01,14,2.18,20,10,0,5,1,0.45,Experimental Learner
473.96,2,0.25,6,2,6,1,1,0.83,Manual Learner
855.81,4,0.28,2,1,5,0,1,0.86,Manual Learner
719.73,1,0.08,2,0,7,1,2,0.9,Manual Learner
399.57,20,3.0,12,11,0,4,1,0.54,Experimental Learner
397.6,4,0.6,39,4,1,4,2,0.87,Experimental Learner
105.43,11,6.26,23,11,2,3,1,0.64,Experimental Learner
394.47,23,3.5,36,9,2,9,1,0.58,Experimental Learner
237.49,7,1.77,22,9,1,5,2,0.81,Experimental Learner
398.01,3,0.45,1,1,3,1,3,0.78,Manual Learner
719.51,4,0.33,4,0,2,1,1,0.67,Manual Learner
131.76,18,8.2,7,3,0,9,2,0.41,Experimental Learner
87.5,14,9.6,26,5,1,7,2,0.44,Experimental Learner
360.43,6,1.0,5,9,0,6,3,0.7,Experimental Learner
302.09,4,0.79,5,0,6,0,2,0.98,Manual Learner
141.1,23,9.78,21,12,1,7,1,0.43,Experimental Learner
683.56,2,0.18,1,1,4,1,2,0.84,Manual Learner
329.89,8,1.46,29,3,0,8,2,0.73,Experimental Learner
181.91,4,1.32,2,2,4,0,2,0.67,Manual Learner
372.5,13,2.09,12,10,2,6,1,0.91,Experimental Learner
34.46,22,38.31,31,11,2,3,3,0.93,Experimental Learner
58.92,5,5.09,34,3,1,9,2,0.63,Experimental Learner
86.82,17,11.75,30,11,0,7,3,0.87,Experimental Learner
218.64,15,4.12,15,14,2,3,3,0.6,Experimental Learner
314.68,3,0.57,4,2,7,1,3,0.69,Manual Learner
169.93,8,2.82,34,12,0,6,2,0.91,Experimental Learner
669.69,3,0.27,7,2,2,0,1,0.87,Manual Learner
203.43,2,0.59,4,3,6,0,1,0.73,Manual Learner
222.43,10,2.7,34,3,1,8,3,0.76,Experimental Learner
813.82,3,0.22,4,1,2,0,1,0.88,Manual Learner
364.95,2,0.33,1,0,4,1,2,0.81,Manual Learner
174.03,3,1.03,5,1,4,0,2,0.64,Manual Learner
336.22,2,0.36,4,1,4,1,3,0.75,Manual Learner
249.6,7,1.68,5,10,1,8,2,0.63,Experimental Learner
737.12,4,0.33,7,1,2,1,2,0.91,Manual Learner
740.67,3,0.24,5,1,7,1,3,0.62,Manual Learner
560.24,3,0.32,2,3,4,0,3,0.61,Manual Learner
341.78,14,2.46,16,3,1,3,3,0.66,Experimental Learner
188.79,3,0.95,7,3,3,1,2,0.64,Manual Learner
847.58,3,0.21,4,3,7,1,1,0.8,Manual Learner
195.85,6,1.84,14,7,2,8,2,0.69,Experimental Learner
99.0,18,10.91,15,5,0,5,2,0.51,Experimental Learner
97.09,14,8.65,28,7,0,6,2,0.59,Experimental Learner
202.61,17,5.03,17,4,2,2,2,0.52,Experimental Learner
156.78,19,7.27,6,9,1,6,1,0.53,Experimental Learner
78.38,10,7.66,33,13,2,3,2,0.79,Experimental Learner
397.34,14,2.11,16,9,0,2,2,0.69,Experimental Learner
609.83,2,0.2,1,0,7,1,1,0.62,Manual Learner
330.19,2,0.36,2,3,2,0,1,0.68,Manual Learner
438.88,4,0.55,3,1,3,0,1,0.61,Manual Learner
717.49,3,0.25,7,1,7,0,2,0.81,Manual Learner
730.45,1,0.08,6,2,7,0,3,0.77,Manual Learner
328.37,20,3.65,15,3,2,5,1,0.95,Experimental Learner
64.51,9,8.37,27,4,0,7,3,0.84,Experimental Learner
347.04,11,1.9,8,12,0,9,2,0.42,Experimental Learner
348.91,4,0.69,3,3,4,0,3,0.71,Manual Learner
187.61,19,6.08,16,11,1,2,2,0.54,Experimental Learner
86.17,20,13.93,17,10,1,6,2,0.85,Experimental Learner
877.33,1,0.07,6,1,7,1,3,0.66,Manual Learner
92.89,8,5.17,33,6,1,4,1,0.91,Experimental Learner
572.9,2,0.21,6,1,2,0,2,0.93,Manual Learner
534.18,2,0.22,2,0,5,0,1,0.97,Manual Learner
98.81,9,5.47,16,4,1,4,3,0.64,Experimental Learner
228.11,3,0.79,7,3,4,0,3,0.79,Manual Learner
62.47,22,21.13,8,10,2,7,3,0.57,Experimental Learner
489.34,3,0.37,3,1,3,1,3,0.7,Manual Learner
54.85,16,17.5,6,4,1,2,2,0.76,Experimental Learner
862.39,4,0.28,6,1,7,0,1,0.73,Manual Learner
552.88,2,0.22,3,3,2,0,2,0.7,Manual Learner
297.72,3,0.6,2,1,5,0,2,0.74,Manual Learner
315.59,4,0.76,18,6,1,4,3,0.69,Experimental Learner
323.66,11,2.04,7,11,1,9,3,0.94,Experimental Learner
64.33,13,12.12,24,3,0,7,3,0.68,Experimental Learner
351.66,16,2.73,27,14,1,5,3,0.86,Experimental Learner
43.48,6,8.28,24,11,0,3,3,0.76,Experimental Learner
291.08,4,0.82,3,2,6,0,1,0.64,Manual Learner
312.76,5,0.96,11,6,0,3,3,0.79,Experimental Learner
143.82,16,6.67,15,11,0,2,3,0.42,Experimental Learner
697.12,4,0.34,7,1,6,0,2,0.79,Manual Learner
393.48,4,0.61,4,2,4,0,2,0.96,Manual Learner
59.14,12,12.18,18,3,0,8,2,0.56,Experimental Learner
723.06,4,0.33,4,2,7,1,1,0.63,Manual Learner
210.21,2,0.57,2,1,7,0,1,0.68,Manual Learner
214.26,21,5.88,25,4,1,4,3,0.48,Experimental Learner
667.32,1,0.09,7,3,4,1,2,0.63,Manual Learner
201.85,3,0.89,6,3,3,0,3,0.63,Manual Learner
339.15,5,0.88,8,6,0,9,1,0.87,Experimental Learner
561.2,4,0.43,3,1,6,1,2,0.8,Manual Learner
85.55,16,11.22,34,14,0,4,2,0.89,Experimental Learner
283.53,20,4.23,14,12,1,2,2,0.69,Experimental Learner
150.95,18,7.15,15,12,0,8,2,0.48,Experimental Learner
252.78,16,3.8,9,8,2,9,3,0.53,Experimental Learner
156.46,1,0.38,1,1,6,0,3,0.62,Manual Learner
56.59,21,22.27,25,7,2,8,2,0.41,Experimental Learner
396.76,24,3.63,14,7,0,6,1,0.71,Experimental Learner
323.14,18,3.34,31,8,2,5,3,0.54,Experimental Learner
140.04,22,9.43,16,9,2,6,3,0.94,Experimental Learner
553.08,4,0.43,4,1,2,0,1,0.81,Manual Learner
848.6,4,0.28,1,0,3,1,3,0.64,Manual Learner
298.51,6,1.21,7,3,2,8,2,0.82,Experimental Learner
295.79,22,4.46,25,8,0,9,3,0.93,Experimental Learner
275.81,12,2.61,20,11,2,5,3,0.49,Experimental Learner
554.58,2,0.22,4,3,5,0,1,0.76,Manual Learner
246.52,11,2.68,28,10,2,3,2,0.83,Experimental Learner
228.88,4,1.05,26,12,0,2,1,0.69,Experimental Learner
281.25,10,2.13,8,7,1,3,1,0.8,Experimental Learner
249.58,24,5.77,25,6,1,7,2,0.88,Experimental Learner
222.31,9,2.43,17,6,0,8,1,0.51,Experimental Learner
858.11,2,0.14,4,3,3,1,1,0.74,Manual Learner
171.84,21,7.33,32,12,2,6,1,0.73,Experimental Learner
178.79,8,2.68,6,14,2,9,3,0.69,Experimental Learner
108.34,19,10.52,33,11,1,3,1,0.78,Experimental Learner
336.79,19,3.38,14,13,0,6,3,0.92,Experimental Learner
267.66,22,4.93,21,11,1,8,1,0.45,Experimental Learner
777.48,2,0.15,2,0,3,1,2,0.69,Manual Learner
572.49,4,0.42,3,3,5,0,3,0.66,Manual Learner
363.92,23,3.79,34,6,1,6,2,0.75,Experimental Learner
36.1,4,6.65,38,13,1,3,3,0.61,Experimental Learner
532.3,2,0.23,4,0,4,1,2,0.7,Manual Learner
168.85,4,1.42,38,8,0,6,1,0.56,Experimental Learner
214.73,6,1.68,27,12,2,4,1,0.78,Experimental Learner
346.79,2,0.35,4,3,2,1,2,0.87,Manual Learner
221.13,18,4.88,26,6,1,5,1,0.45,Experimental Learner
398.36,11,1.66,5,10,1,7,3,0.85,Experimental Learner
259.37,9,2.08,29,12,2,9,1,0.91,Experimental Learner
777.15,2,0.15,1,2,3,0,1,0.78,Manual Learner
274.49,1,0.22,4,0,4,1,3,0.96,Manual Learner
76.03,21,16.57,15,11,2,5,1,0.62,Experimental Learner
381.75,13,2.04,19,13,2,6,2,0.81,Experimental Learner
258.12,2,0.46,5,3,3,1,2,0.74,Manual Learner
333.13,15,2.7,22,6,2,2,1,0.67,Experimental Learner
795.66,3,0.23,6,3,7,0,3,0.98,Manual Learner
848.87,4,0.28,4,0,4,1,2,0.74,Manual Learner
330.99,4,0.73,1,2,4,1,3,0.85,Manual Learner
188.58,9,2.86,21,10,0,3,3,0.51,Experimental Learner
311.19,24,4.63,25,6,2,4,1,0.88,Experimental Learner
325.54,4,0.74,28,5,2,2,3,0.63,Experimental Learner
305.49,5,0.98,20,13,2,3,2,0.71,Experimental Learner
319.33,2,0.38,6,2,4,1,2,0.7,Manual Learner
328.15,12,2.19,36,10,0,7,2,0.66,Experimental Learner
195.49,9,2.76,18,8,1,4,2,0.68,Experimental Learner
332.6,18,3.25,31,3,1,7,3,0.87,Experimental Learner
587.01,3,0.31,2,3,6,0,1,0.87,Manual Learner
533.36,1,0.11,7,1,4,0,3,0.99,Manual Learner
91.37,20,13.13,33,9,0,9,2,0.88,Experimental Learner
227.11,4,1.06,18,11,2,6,3,0.66,Experimental Learner
115.08,11,5.74,10,9,1,8,3,0.54,Experimental Learner
254.62,1,0.24,7,3,3,0,2,1.0,Manual Learner
567.36,3,0.32,4,3,6,0,2,0.76,Manual Learner
705.61,4,0.34,6,1,2,0,2,0.96,Manual Learner
374.07,1,0.16,4,0,4,1,1,0.78,Manual Learner
547.22,2,0.22,5,0,5,1,1,0.94,Manual Learner
723.61,4,0.33,3,1,6,0,1,0.67,Manual Learner
42.19,23,32.71,12,3,2,6,3,0.44,Experimental Learner
325.08,23,4.25,35,9,2,6,3,0.69,Experimental Learner
370.07,16,2.59,8,10,0,2,1,0.92,Experimental Learner
656.51,1,0.09,6,3,7,0,1,0.92,Manual Learner
48.08,8,9.98,31,10,1,7,2,0.68,Experimental Learner
251.42,2,0.48,1,3,2,0,2,0.74,Manual Learner
668.91,1,0.09,5,2,5,1,3,0.75,Manual Learner
57.8,13,13.49,30,5,2,8,3,0.72,Experimental Learner
160.72,15,5.6,28,12,2,4,3,0.67,Experimental Learner
596.89,3,0.3,1,1,3,1,1,0.89,Manual Learner
274.31,1,0.22,1,0,7,0,3,0.62,Manual Learner
569.01,3,0.32,2,3,5,0,2,0.97,Manual Learner
659.36,3,0.27,1,3,7,1,3,0.9,Manual Learner
111.4,21,11.31,33,9,2,3,1,0.65,Experimental Learner
335.77,19,3.4,28,7,1,9,2,0.55,Experimental Learner
184.25,1,0.33,6,1,4,1,2,0.7,Manual Learner
590.87,4,0.41,2,2,2,0,3,0.75,Manual Learner
473.49,2,0.25,6,1,3,1,3,0.98,Manual Learner
189.72,8,2.53,31,3,1,9,2,0.69,Experimental Learner
228.19,2,0.53,3,3,2,1,2,0.82,Manual Learner
43.4,19,26.27,26,13,1,2,1,0.54,Experimental Learner
312.6,1,0.19,2,0,4,0,2,0.6,Manual Learner
220.17,2,0.55,4,1,3,0,2,0.69,Manual Learner
856.03,2,0.14,1,2,2,0,1,0.99,Manual Learner
255.81,15,3.52,39,11,0,5,3,0.51,Experimental Learner
185.43,6,1.94,18,8,2,4,1,0.95,Experimental Learner
636.58,2,0.19,7,2,2,0,3,0.83,Manual Learner
85.2,14,9.86,23,4,2,2,2,0.49,Experimental Learner
790.79,4,0.3,1,1,6,1,3,0.6,Manual Learner
655.61,3,0.27,1,0,5,0,3,0.84,Manual Learner
672.96,3,0.27,5,2,3,1,2,0.95,Manual Learner
204.56,19,5.57,16,11,0,9,1,0.41,Experimental Learner
112.32,6,3.21,33,14,0,7,1,0.63,Experimental Learner
748.76,1,0.08,7,2,7,1,1,0.91,Manual Learner
835.04,4,0.29,4,0,4,1,1,0.6,Manual Learner
835.52,1,0.07,6,2,7,1,1,0.84,Manual Learner
557.21,2,0.22,3,3,3,0,2,0.67,Manual Learner
270.8,9,1.99,9,6,2,9,2,0.85,Experimental Learner
292.7,8,1.64,30,10,2,3,2,0.55,Experimental Learner
604.69,1,0.1,1,2,3,0,1,0.82,Manual Learner
607.81,3,0.3,6,3,6,0,1,0.82,Manual Learner
204.97,21,6.15,27,4,0,8,3,0.45,Experimental Learner
249.82,13,3.12,13,6,2,2,1,0.83,Experimental Learner
70.98,10,8.45,7,12,2,4,1,0.89,Experimental Learner
288.33,15,3.12,14,13,2,8,3,0.45,Experimental Learner
326.0,2,0.37,3,1,6,1,2,0.83,Manual Learner
255.97,2,0.47,2,3,7,0,2,0.75,Manual Learner
53.85,11,12.26,13,7,0,3,3,0.79,Experimental Learner
31.84,10,18.84,11,9,1,9,2,0.91,Experimental Learner
195.53,12,3.68,31,5,2,3,2,0.75,Experimental Learner
122.01,8,3.93,36,8,0,8,2,0.83,Experimental Learner
213.35,13,3.66,26,5,0,8,1,0.55,Experimental Learner
193.5,6,1.86,13,4,2,4,2,0.65,Experimental Learner
286.46,1,0.21,6,0,4,0,1,0.99,Manual Learner
297.72,6,1.21,35,3,2,7,2,0.74,Experimental Learner
128.9,9,4.19,12,5,0,3,2,0.83,Experimental Learner
147.02,23,9.39,12,8,1,7,2,0.91,Experimental Learner
368.94,7,1.14,34,7,2,3,2,0.43,Experimental Learner
442.71,3,0.41,2,0,3,1,3,0.68,Manual Learner
311.51,10,1.93,27,3,2,6,1,0.76,Experimental Learner
853.28,2,0.14,3,2,3,0,3,0.86,Manual Learner
264.01,7,1.59,10,12,2,8,1,0.55,Experimental Learner
399.28,4,0.6,3,3,4,0,1,0.68,Manual Learner
77.68,17,13.13,29,11,2,2,2,0.9,Experimental Learner
182.22,2,0.66,6,2,6,1,3,0.62,Manual Learner
169.32,4,1.42,15,10,0,5,3,0.44,Experimental Learner
266.61,4,0.9,30,3,2,3,3,0.5,Experimental Learner
598.9,2,0.2,3,3,2,0,1,0.73,Manual Learner
192.68,4,1.25,7,1,3,1,3,0.99,Manual Learner
686.19,1,0.09,5,0,6,0,1,0.68,Manual Learner
603.1,2,0.2,7,2,6,0,3,0.99,Manual Learner
44.87,6,8.02,35,11,1,7,1,0.68,Experimental Learner
125.21,21,10.06,22,12,0,2,1,0.44,Experimental Learner
349.71,7,1.2,10,9,0,4,1,0.41,Experimental Learner
288.97,8,1.66,27,12,1,4,2,0.45,Experimental Learner
848.85,3,0.21,6,1,7,1,3,0.86,Manual Learner
184.18,5,1.63,5,5,0,3,1,0.45,Experimental Learner
675.95,4,0.36,6,3,5,1,1,0.9,Manual Learner
159.75,4,1.5,2,0,3,1,1,0.92,Manual Learner
287.35,7,1.46,9,12,2,9,3,0.51,Experimental Learner
208.9,7,2.01,20,5,0,3,2,0.45,Experimental Learner
249.41,2,0.48,7,0,3,0,2,0.73,Manual Learner
238.3,18,4.53,37,12,0,3,1,0.71,Experimental Learner
751.43,3,0.24,7,1,4,0,3,0.82,Manual Learner
516.73,3,0.35,1,1,6,0,1,0.72,Manual Learner
45.9,4,5.23,7,4,2,4,1,0.66,Experimental Learner
321.06,2,0.37,2,3,6,0,3,0.66,Manual Learner
250.06,7,1.68,27,11,2,6,3,0.85,Experimental Learner
227.34,6,1.58,16,14,0,7,2,0.42,Experimental Learner
220.67,1,0.27,2,3,5,0,2,0.77,Manual Learner
475.03,2,0.25,3,2,6,1,2,0.8,Manual Learner
387.53,11,1.7,31,14,1,8,2,0.41,Experimental Learner
148.09,13,5.27,13,13,2,2,3,0.43,Experimental Learner
169.13,2,0.71,5,1,2,0,3,0.97,Manual Learner
258.16,13,3.02,15,8,0,3,3,0.46,Experimental Learner
383.42,2,0.31,1,3,4,1,3,0.92,Manual Learner
343.34,23,4.02,19,4,2,9,2,0.52,Experimental Learner
131.74,18,8.2,5,3,0,5,2,0.59,Experimental Learner
356.76,20,3.36,15,13,1,3,2,0.85,Experimental Learner
227.63,3,0.79,4,1,6,1,3,0.84,Manual Learner
175.3,22,7.53,6,9,0,9,1,0.58,Experimental Learner
161.84,15,5.56,24,14,1,6,3,0.77,Experimental Learner
409.66,2,0.29,5,3,5,0,1,0.73,Manual Learner
269.54,12,2.67,9,7,1,2,3,0.42,Experimental Learner
90.38,11,7.3,22,11,1,6,1,0.9,Experimental Learner
383.08,4,0.63,15,4,2,5,3,0.71,Experimental Learner
663.94,4,0.36,4,3,7,1,2,0.71,Manual Learner
673.98,1,0.09,7,2,2,0,3,0.97,Manual Learner
232.63,1,0.26,5,1,5,1,1,0.93,Manual Learner
365.66,5,0.82,35,12,2,5,2,0.54,Experimental Learner
67.3,20,17.83,28,14,0,6,2,0.43,Experimental Learner
324.06,2,0.37,5,0,6,1,1,0.94,Manual Learner
156.64,9,3.45,28,4,1,4,1,0.69,Experimental Learner
808.85,3,0.22,7,1,6,1,2,0.82,Manual Learner
121.72,19,9.37,7,4,1,9,1,0.58,Experimental Learner
597.18,2,0.2,2,3,3,0,1,0.75,Manual Learner
154.57,4,1.55,28,11,2,4,1,0.85,Experimental Learner
236.92,17,4.31,5,3,0,3,3,0.83,Experimental Learner
363.85,4,0.66,5,3,2,4,2,0.83,Experimental Learner
366.15,3,0.49,6,0,6,0,2,0.72,Manual Learner
875.07,4,0.27,4,2,4,1,2,0.76,Manual Learner
189.96,20,6.32,33,8,2,3,3,0.71,Experimental Learner
678.93,1,0.09,6,3,5,1,3,0.9,Manual Learner
306.07,20,3.92,12,10,1,4,2,0.4,Experimental Learner
255.71,11,2.58,9,9,2,3,3,0.82,Experimental Learner
790.65,4,0.3,3,3,5,0,1,0.86,Manual Learner
239.83,19,4.75,22,8,2,6,3,0.55,Experimental Learner
291.69,6,1.23,39,5,2,5,3,0.82,Experimental Learner
93.7,5,3.2,24,12,2,6,2,0.88,Experimental Learner
435.71,4,0.55,4,3,4,1,1,0.66,Manual Learner
209.22,14,4.01,6,14,0,2,2,0.49,Experimental Learner
324.27,16,2.96,12,11,1,8,1,0.57,Experimental Learner
231.32,15,3.89,36,8,0,3,1,0.66,Experimental Learner
399.13,7,1.05,9,5,2,5,3,0.7,Experimental Learner
539.42,2,0.22,3,0,6,1,2,0.97,Manual Learner
220.3,14,3.81,29,10,1,2,3,0.5,Experimental Learner
330.51,20,3.63,35,3,1,6,3,0.57,Experimental Learner
81.97,8,5.86,15,13,1,4,1,0.61,Experimental Learner
124.97,19,9.12,31,4,0,2,3,0.84,Experimental Learner
691.86,2,0.17,7,3,6,1,2,0.79,Manual Learner
138.26,13,5.64,33,3,0,3,3,0.45,Experimental Learner
898.26,3,0.2,7,2,7,0,3,0.78,Manual Learner
247.52,1,0.24,4,3,3,0,3,0.6,Manual Learner
334.86,3,0.54,2,1,3,0,2,0.73,Manual Learner
359.4,23,3.84,26,9,2,5,2,0.49,Experimental Learner
873.21,3,0.21,5,0,3,1,2,0.93,Manual Learner
237.44,20,5.05,35,5,2,9,2,0.5,Experimental Learner
873.86,3,0.21,5,3,4,0,2,0.62,Manual Learner
110.16,9,4.9,33,9,1,7,1,0.42,Experimental Learner
95.29,13,8.19,6,11,2,4,2,0.61,Experimental Learner
794.38,4,0.3,3,3,3,1,1,0.68,Manual Learner
212.2,3,0.85,2,3,4,1,3,0.62,Manual Learner
831.26,2,0.14,7,0,6,0,1,0.77,Manual Learner
246.44,4,0.97,3,0,5,1,2,0.84,Manual Learner
409.39,4,0.59,6,3,7,0,1,0.83,Manual Learner
190.0,1,0.32,6,0,3,1,2,0.79,Manual Learner
220.92,3,0.81,3,1,7,1,2,0.75,Manual Learner
600.2,3,0.3,1,3,5,0,3,0.77,Manual Learner
185.54,2,0.65,1,0,4,1,3,0.7,Manual Learner
283.19,15,3.18,7,3,0,7,1,0.77,Experimental Learner
700.65,3,0.26,7,0,6,1,3,0.9,Manual Learner
337.98,12,2.13,30,7,2,8,3,0.66,Experimental Learner
220.53,18,4.9,34,4,1,7,3,0.84,Experimental Learner
122.1,15,7.37,29,4,2,6,3,0.9,Experimental Learner
244.29,22,5.4,10,11,2,3,1,0.8,Experimental Learner
193.25,17,5.28,12,8,0,2,3,0.68,Experimental Learner
687.76,1,0.09,2,3,7,1,1,0.68,Manual Learner
533.65,4,0.45,4,0,6,1,2,0.74,Manual Learner
358.61,1,0.17,7,0,2,0,3,0.73,Manual Learner
336.52,4,0.71,1,1,6,1,2,0.73,Manual Learner
263.34,17,3.87,37,7,2,5,3,0.85,Experimental Learner
211.78,14,3.97,29,10,0,8,3,0.93,Experimental Learner
777.09,2,0.15,7,1,3,0,2,0.97,Manual Learner
77.32,23,17.85,17,10,2,2,1,0.58,Experimental Learner
265.14,1,0.23,4,0,5,1,2,0.91,Manual Learner
355.12,1,0.17,1,1,3,0,1,0.67,Manual Learner
268.09,2,0.45,5,3,5,1,3,0.92,Manual Learner
80.9,22,16.32,24,5,0,7,2,0.61,Experimental Learner
359.87,1,0.17,5,3,7,1,3,0.85,Manual Learner
41.5,15,21.69,30,7,1,4,1,0.58,Experimental Learner
261.01,16,3.68,21,8,1,8,2,0.66,Experimental Learner
479.89,3,0.38,5,3,2,1,3,0.71,Manual Learner
267.81,14,3.14,27,3,1,2,3,0.68,Experimental Learner
291.02,14,2.89,13,3,0,6,2,0.55,Experimental Learner
443.22,2,0.27,5,1,3,0,3,0.78,Manual Learner
60.13,4,3.99,21,12,0,9,3,0.59,Experimental Learner
149.93,9,3.6,24,3,0,3,2,0.66,Experimental Learner
302.77,1,0.2,1,3,2,1,3,0.76,Manual Learner
864.7,1,0.07,1,3,4,0,3,0.97,Manual Learner
201.54,9,2.68,39,5,0,6,3,0.87,Experimental Learner
124.27,14,6.76,9,13,1,5,2,0.69,Experimental Learner
259.43,19,4.39,15,3,1,8,1,0.51,Experimental Learner
757.72,4,0.32,5,0,5,0,2,0.87,Manual Learner
356.06,15,2.53,24,11,2,3,2,0.66,Experimental Learner
172.96,15,5.2,18,5,0,5,2,0.7,Experimental Learner
189.29,14,4.44,12,13,2,3,2,0.91,Experimental Learner
570.04,1,0.11,4,2,6,0,1,0.96,Manual Learner
246.86,8,1.94,22,11,0,6,2,0.54,Experimental Learner
636.83,2,0.19,4,3,2,0,1,0.67,Manual Learner
606.23,4,0.4,2,0,7,0,1,0.64,Manual Learner
139.27,6,2.58,19,7,2,7,3,0.79,Experimental Learner
595.01,1,0.1,7,0,7,1,1,0.76,Manual Learner
247.3,1,0.24,5,3,3,1,2,0.64,Manual Learner
88.52,7,4.74,20,3,0,7,3,0.48,Experimental Learner
102.88,16,9.33,7,10,0,9,1,0.48,Experimental Learner
271.17,11,2.43,8,10,1,2,2,0.53,Experimental Learner
203.88,2,0.59,2,0,4,0,3,1.0,Manual Learner
186.54,19,6.11,7,13,0,2,1,0.41,Experimental Learner
489.89,3,0.37,3,0,3,1,3,0.74,Manual Learner
119.16,10,5.04,23,9,0,2,2,0.48,Experimental Learner
609.17,2,0.2,2,3,3,0,3,0.62,Manual Learner
232.86,17,4.38,13,12,1,9,1,0.8,Experimental Learner
295.04,2,0.41,3,1,7,1,3,0.98,Manual Learner
275.28,16,3.49,21,10,2,5,2,0.6,Experimental Learner
232.07,21,5.43,9,3,1,7,1,0.87,Experimental Learner
766.17,4,0.31,4,2,6,1,1,0.97,Manual Learner
126.13,17,8.09,13,7,0,4,2,0.79,Experimental Learner
277.54,7,1.51,24,8,1,7,3,0.87,Experimental Learner
865.07,1,0.07,3,1,6,0,3,0.88,Manual Learner
589.6,1,0.1,1,0,6,1,1,0.88,Manual Learner
96.97,20,12.37,18,7,1,6,2,0.5,Experimental Learner
454.95,2,0.26,5,1,5,0,1,0.78,Manual Learner
355.65,2,0.34,6,0,3,0,2,0.97,Manual Learner
258.3,7,1.63,7,11,0,5,1,0.82,Experimental Learner
98.99,7,4.24,12,5,0,3,2,0.74,Experimental Learner
364.92,13,2.14,15,10,1,5,2,0.57,Experimental Learner
65.33,24,22.04,29,3,2,6,3,0.69,Experimental Learner
770.81,4,0.31,6,2,5,0,3,0.71,Manual Learner
350.12,24,4.11,16,9,1,7,3,0.84,Experimental Learner
172.54,12,4.17,39,10,0,2,2,0.66,Experimental Learner
366.19,17,2.79,30,12,1,2,2,0.68,Experimental Learner
37.54,6,9.59,22,3,2,8,3,0.84,Experimental Learner
546.73,4,0.44,1,0,4,1,2,0.7,Manual Learner
667.81,4,0.36,4,0,4,1,1,0.82,Manual Learner
505.49,3,0.36,5,0,2,0,3,0.63,Manual Learner
106.73,17,9.56,23,10,0,6,3,0.62,Experimental Learner
122.09,18,8.85,5,14,1,5,2,0.65,Experimental Learner
291.53,10,2.06,39,6,0,7,3,0.71,Experimental Learner
394.77,23,3.5,27,11,2,3,3,0.47,Experimental Learner
209.2,14,4.02,37,14,2,7,1,0.47,Experimental Learner
519.93,1,0.12,1,1,6,1,2,0.93,Manual Learner
539.36,4,0.44,1,0,7,1,1,0.64,Manual Learner
754.67,4,0.32,1,0,5,0,3,0.9,Manual Learner
196.22,3,0.92,4,2,3,1,3,0.74,Manual Learner
235.11,3,0.77,4,0,3,0,3,0.63,Manual Learner
283.27,13,2.75,11,6,0,7,2,0.48,Experimental Learner
804.56,3,0.22,5,3,3,1,2,0.7,Manual Learner
42.12,13,18.52,30,7,2,7,1,0.49,Experimental Learner
801.12,2,0.15,4,2,5,1,3,0.93,Manual Learner
218.25,15,4.12,30,8,0,5,3,0.41,Experimental Learner
750.15,2,0.16,3,1,2,0,1,0.81,Manual Learner
56.14,21,22.44,6,9,1,6,3,0.55,Experimental Learner
358.44,13,2.18,14,9,2,9,3,0.68,Experimental Learner
761.63,3,0.24,6,0,6,1,3,0.79,Manual Learner
349.12,5,0.86,12,13,0,6,2,0.87,Experimental Learner
675.01,4,0.36,1,3,4,0,2,0.65,Manual Learner
87.82,22,15.03,36,14,0,6,3,0.73,Experimental Learner
198.96,1,0.3,1,3,5,1,3,0.76,Manual Learner
591.97,4,0.41,4,1,6,1,2,0.89,Manual Learner
159.61,19,7.14,5,5,0,5,2,0.59,Experimental Learner
262.16,4,0.92,23,13,2,3,1,0.85,Experimental Learner
614.76,2,0.2,7,3,6,0,3,0.76,Manual Learner
233.81,4,1.03,26,11,0,8,1,0.7,Experimental Learner
706.09,2,0.17,6,0,7,1,1,0.98,Manual Learner
505.54,1,0.12,6,2,2,0,1,0.61,Manual Learner
330.29,22,4.0,9,3,0,7,2,0.53,Experimental Learner
381.37,24,3.78,31,8,2,7,2,0.86,Experimental Learner
201.26,3,0.89,5,2,2,0,3,0.88,Manual Learner
146.14,18,7.39,22,10,2,7,1,0.7,Experimental Learner
392.16,24,3.67,31,10,0,5,2,0.72,Experimental Learner
473.97,1,0.13,2,3,2,0,2,0.67,Manual Learner
92.79,12,7.76,30,11,0,7,3,0.41,Experimental Learner
148.44,10,4.04,12,5,1,2,3,0.9,Experimental Learner
265.68,4,0.9,6,0,5,1,1,0.9,Manual Learner
271.76,5,1.1,17,9,1,6,1,0.82,Experimental Learner
733.73,3,0.25,6,3,6,1,1,0.71,Manual Learner
250.35,15,3.59,37,8,1,4,3,0.49,Experimental Learner
189.21,3,0.95,6,0,2,1,1,0.91,Manual Learner
35.17,10,17.06,5,11,1,4,1,0.5,Experimental Learner
114.52,11,5.76,25,6,1,6,1,0.48,Experimental Learner
172.37,4,1.39,3,3,7,1,3,0.75,Manual Learner
239.92,20,5.0,34,7,0,4,1,0.57,Experimental Learner
386.02,1,0.16,7,2,7,1,1,0.78,Manual Learner
517.02,2,0.23,4,2,2,0,3,0.99,Manual Learner
274.37,10,2.19,23,5,1,7,1,0.72,Experimental Learner
768.38,3,0.23,3,2,4,0,1,0.99,Manual Learner
263.48,3,0.68,2,1,5,1,3,0.69,Manual Learner
133.09,4,1.8,27,3,0,9,2,0.76,Experimental Learner
118.0,17,8.64,33,8,2,5,2,0.75,Experimental Learner
119.35,12,6.03,35,10,0,4,3,0.46,Experimental Learner
550.21,4,0.44,4,3,7,0,3,0.64,Manual Learner
418.2,4,0.57,4,0,4,0,3,0.91,Manual Learner
491.27,4,0.49,5,3,4,0,1,0.76,Manual Learner
290.79,2,0.41,6,0,3,1,2,0.81,Manual Learner
75.15,16,12.78,8,5,0,7,2,0.56,Experimental Learner
120.75,19,9.44,7,9,1,9,3,0.87,Experimental Learner
236.42,4,1.02,30,14,2,8,1,0.7,Experimental Learner
147.33,16,6.52,27,13,1,6,2,0.45,Experimental Learner
350.3,18,3.08,9,4,1,9,1,0.42,Experimental Learner
212.58,7,1.98,17,9,0,7,3,0.54,Experimental Learner
134.99,8,3.56,7,8,2,3,1,0.77,Experimental Learner
709.58,4,0.34,6,2,6,0,1,0.88,Manual Learner
119.77,4,2.0,14,13,2,2,1,0.76,Experimental Learner
43.75,17,23.31,24,14,1,6,1,0.88,Experimental Learner
423.15,2,0.28,6,3,3,0,3,0.63,Manual Learner
57.87,18,18.66,28,10,2,9,3,0.94,Experimental Learner
314.55,5,0.95,22,8,2,2,2,0.89,Experimental Learner
522.55,4,0.46,6,0,3,0,1,0.99,Manual Learner
286.36,4,0.84,3,0,4,0,2,0.97,Manual Learner
271.13,11,2.43,29,11,0,9,3,0.52,Experimental Learner
879.94,1,0.07,7,1,3,0,3,0.79,Manual Learner
365.08,3,0.49,1,1,5,1,2,0.8,Manual Learner
853.96,4,0.28,5,3,7,1,1,0.85,Manual Learner
152.44,14,5.51,11,5,0,4,1,0.65,Experimental Learner
353.46,3,0.51,5,3,2,1,2,0.88,Manual Learner
315.7,3,0.57,2,0,2,0,2,0.62,Manual Learner
896.1,3,0.2,7,0,3,1,1,0.79,Manual Learner
326.98,13,2.39,9,11,0,7,2,0.88,Experimental Learner
69.73,24,20.65,25,8,0,4,3,0.9,Experimental Learner
60.74,13,12.84,25,4,1,7,3,0.59,Experimental Learner
131.27,18,8.23,10,8,0,9,1,0.55,Experimental Learner
82.64,4,2.9,8,7,0,7,1,0.88,Experimental Learner
47.23,11,13.97,31,7,2,8,3,0.59,Experimental Learner
489.81,2,0.24,6,3,6,0,2,0.7,Manual Learner
346.17,13,2.25,18,7,2,5,2,0.66,Experimental Learner
317.02,14,2.65,39,14,1,8,2,0.61,Experimental Learner
372.7,4,0.64,1,2,4,0,1,0.74,Manual Learner
120.99,9,4.46,26,8,2,5,2,0.51,Experimental Learner
592.78,1,0.1,4,1,2,0,2,0.82,Manual Learner
609.33,4,0.39,1,3,4,1,3,0.7,Manual Learner
181.71,7,2.31,16,7,2,2,2,0.53,Experimental Learner
306.0,19,3.73,28,5,0,4,1,0.75,Experimental Learner
319.23,2,0.38,6,1,3,1,1,0.61,Manual Learner
612.85,2,0.2,7,3,2,1,1,0.81,Manual Learner
511.9,4,0.47,7,0,5,0,2,1.0,Manual Learner
849.09,2,0.14,4,3,5,0,3,0.8,Manual Learner
354.37,3,0.51,5,0,5,1,1,0.88,Manual Learner
177.01,17,5.76,5,3,1,9,1,0.44,Experimental Learner
211.44,4,1.14,2,3,5,1,1,1.0,Manual Learner
246.56,12,2.92,38,14,2,3,1,0.81,Experimental Learner
663.41,2,0.18,4,3,2,1,1,0.98,Manual Learner
286.09,4,0.84,2,1,4,1,3,0.9,Manual Learner
306.55,2,0.39,1,1,4,0,3,0.89,Manual Learner
596.03,2,0.2,4,1,5,0,2,0.87,Manual Learner
378.03,17,2.7,19,3,0,3,1,0.68,Experimental Learner
234.38,11,2.82,30,8,0,5,2,0.79,Experimental Learner
451.63,4,0.53,2,3,4,1,3,0.96,Manual Learner
140.77,4,1.7,28,10,2,3,1,0.85,Experimental Learner
158.07,4,1.52,1,3,2,0,3,0.77,Manual Learner
471.81,2,0.25,3,0,3,1,1,0.86,Manual Learner
731.57,1,0.08,2,1,6,0,3,0.65,Manual Learner
862.18,3,0.21,4,2,5,1,1,0.71,Manual Learner
357.9,9,1.51,14,14,2,8,2,0.46,Experimental Learner
328.4,1,0.18,4,3,5,0,2,0.7,Manual Learner
246.25,18,4.39,23,6,1,8,1,0.77,Experimental Learner
422.6,3,0.43,2,3,5,1,2,0.74,Manual Learner
342.82,21,3.68,8,4,2,8,2,0.95,Experimental Learner
360.39,2,0.33,4,2,3,1,3,0.79,Manual Learner
529.78,3,0.34,7,2,6,1,2,0.72,Manual Learner
808.79,1,0.07,5,3,5,0,3,0.65,Manual Learner
110.18,20,10.89,9,5,1,2,2,0.92,Experimental Learner
761.18,2,0.16,6,0,6,1,3,0.76,Manual Learner
270.71,3,0.66,2,2,7,1,2,0.74,Manual Learner
513.72,2,0.23,6,1,3,1,3,0.85,Manual Learner
122.84,14,6.84,27,10,0,8,2,0.8,Experimental Learner
99.51,12,7.24,35,7,0,3,2,0.94,Experimental Learner
326.25,5,0.92,25,8,2,8,2,0.78,Experimental Learner
706.37,3,0.25,2,3,7,1,1,0.69,Manual Learner
119.9,5,2.5,17,11,2,3,1,0.49,Experimental Learner
120.17,8,3.99,13,7,0,2,2,0.58,Experimental Learner
615.92,3,0.29,5,3,2,0,1,0.95,Manual Learner
182.43,5,1.64,21,9,0,8,3,0.9,Experimental Learner
112.86,17,9.04,15,12,0,3,1,0.58,Experimental Learner
100.17,8,4.79,37,6,0,5,1,0.87,Experimental Learner
161.48,17,6.32,25,6,0,9,1,0.66,Experimental Learner
611.42,2,0.2,2,2,5,0,3,0.67,Manual Learner
479.69,3,0.38,6,2,5,1,3,0.76,Manual Learner
548.83,1,0.11,2,3,6,1,1,0.72,Manual Learner
210.08,14,4.0,26,14,1,6,3,0.86,Experimental Learner
262.92,10,2.28,27,6,1,8,2,0.58,Experimental Learner
39.45,6,9.13,5,13,2,2,1,0.69,Experimental Learner
103.32,11,6.39,36,12,0,6,3,0.82,Experimental Learner
263.06,1,0.23,3,2,4,0,1,1.0,Manual Learner
772.98,4,0.31,2,2,7,1,1,0.77,Manual Learner
74.51,15,12.08,33,9,0,2,2,0.7,Experimental Learner
50.53,15,17.81,10,11,0,9,1,0.48,Experimental Learner
219.79,24,6.55,26,3,1,5,1,0.68,Experimental Learner
407.73,1,0.15,4,3,5,1,3,0.69,Manual Learner
85.32,6,4.22,17,13,2,8,1,0.72,Experimental Learner
188.68,4,1.27,7,0,4,1,3,0.77,Manual Learner
137.47,21,9.17,19,3,2,8,2,0.6,Experimental Learner
235.58,4,1.02,29,13,1,6,3,0.87,Experimental Learner
138.99,18,7.77,5,13,1,7,3,0.65,Experimental Learner
366.06,3,0.49,4,2,7,0,1,0.84,Manual Learner
376.34,5,0.8,9,3,2,3,2,0.82,Experimental Learner
529.61,3,0.34,5,2,3,0,2,0.82,Manual Learner
45.49,17,22.42,20,4,0,8,3,0.94,Experimental Learner
281.39,3,0.64,2,1,4,0,3,0.8,Manual Learner
179.91,4,1.33,2,1,7,1,2,0.83,Manual Learner
847.07,2,0.14,3,1,7,0,3,0.79,Manual Learner
132.42,5,2.27,28,4,0,9,2,0.52,Experimental Learner
152.79,2,0.79,3,2,5,0,2,0.72,Manual Learner
377.62,14,2.22,9,13,1,6,2,0.8,Experimental Learner
709.71,1,0.08,1,3,3,1,3,0.85,Manual Learner
47.34,19,24.08,11,13,0,3,1,0.4,Experimental Learner
225.48,13,3.46,28,9,1,6,1,0.77,Experimental Learner
799.63,2,0.15,1,2,5,0,3,0.83,Manual Learner
282.2,19,4.04,9,4,2,2,3,0.94,Experimental Learner
408.38,3,0.44,6,0,5,1,1,0.67,Manual Learner
494.38,2,0.24,2,2,2,1,1,0.97,Manual Learner
204.89,4,1.17,4,3,3,0,3,0.96,Manual Learner
486.55,1,0.12,3,2,2,0,1,0.65,Manual Learner
570.65,4,0.42,1,1,2,0,2,0.78,Manual Learner
153.34,2,0.78,2,0,3,1,3,0.97,Manual Learner
453.77,4,0.53,5,2,5,1,1,0.64,Manual Learner
573.62,2,0.21,1,3,3,0,1,0.7,Manual Learner
271.63,4,0.88,22,8,0,6,1,0.85,Experimental Learner
52.99,12,13.59,14,3,2,5,3,0.88,Experimental Learner
186.48,21,6.76,19,9,0,9,2,0.72,Experimental Learner
814.25,4,0.29,3,1,2,1,1,0.95,Manual Learner
211.45,13,3.69,38,10,2,6,3,0.87,Experimental Learner
717.35,4,0.33,5,3,6,1,1,0.89,Manual Learner
141.99,24,10.14,39,5,1,9,1,0.46,Experimental Learner
235.29,21,5.36,15,9,1,7,1,0.65,Experimental Learner
277.22,23,4.98,31,14,1,4,3,0.53,Experimental Learner
219.42,3,0.82,4,0,5,1,3,0.73,Manual Learner
624.17,1,0.1,7,2,3,1,1,0.71,Manual Learner
338.18,4,0.71,3,1,5,1,2,0.76,Manual Learner
838.46,1,0.07,3,3,3,0,1,0.85,Manual Learner
45.23,11,14.59,10,9,0,9,2,0.91,Experimental Learner
407.85,3,0.44,6,1,6,0,1,0.66,Manual Learner
731.7,2,0.16,5,2,5,0,3,0.71,Manual Learner
181.75,3,0.99,7,2,5,1,1,0.63,Manual Learner
307.03,6,1.17,28,12,0,5,3,0.81,Experimental Learner
270.85,20,4.43,36,6,2,7,2,0.63,Experimental Learner
764.31,2,0.16,5,0,2,1,1,0.96,Manual Learner
382.18,8,1.26,19,7,2,2,3,0.57,Experimental Learner
897.77,4,0.27,1,2,5,0,2,0.87,Manual Learner
691.18,1,0.09,2,2,6,0,1,0.88,Manual Learner
99.91,9,5.4,13,3,2,7,1,0.5,Experimental Learner
374.17,8,1.28,24,8,1,8,3,0.66,Experimental Learner
458.73,2,0.26,3,1,3,0,3,0.62,Manual Learner
104.45,17,9.77,18,11,0,2,2,0.8,Experimental Learner
272.56,4,0.88,2,2,6,1,1,0.91,Manual Learner
291.55,3,0.62,6,1,4,0,1,0.98,Manual Learner
415.06,4,0.58,3,3,4,1,3,0.6,Manual Learner
269.02,23,5.13,38,6,2,7,3,0.73,Experimental Learner
482.19,4,0.5,5,1,4,0,3,0.64,Manual Learner
105.55,4,2.27,38,12,0,2,1,0.85,Experimental Learner
303.34,9,1.78,38,8,0,3,3,0.59,Experimental Learner
194.87,5,1.54,5,3,1,6,3,0.5,Experimental Learner
226.25,7,1.86,11,3,1,5,1,0.43,Experimental Learner
70.96,4,3.38,8,12,2,4,1,0.85,Experimental Learner
82.32,23,16.76,23,11,0,4,2,0.43,Experimental Learner
106.86,23,12.91,28,3,0,9,1,0.65,Experimental Learner
399.58,19,2.85,5,4,0,5,2,0.6,Experimental Learner
367.66,20,3.26,35,12,0,7,2,0.81,Experimental Learner
647.43,4,0.37,2,3,3,0,3,0.7,Manual Learner
143.32,8,3.35,5,9,0,8,1,0.68,Experimental Learner
619.54,2,0.19,7,2,4,0,1,0.76,Manual Learner
248.85,13,3.13,8,10,1,2,2,0.58,Experimental Learner
885.83,3,0.2,2,1,3,0,1,0.83,Manual Learner
337.17,1,0.18,4,1,6,0,1,0.97,Manual Learner
298.63,1,0.2,7,3,6,1,2,0.94,Manual Learner
158.3,12,4.55,34,7,2,5,1,0.73,Experimental Learner
150.79,1,0.4,7,2,5,0,2,0.84,Manual Learner
137.32,5,2.18,39,11,1,8,3,0.65,Experimental Learner
198.26,2,0.61,3,2,3,0,2,0.95,Manual Learner
399.66,2,0.3,5,1,2,0,3,0.75,Manual Learner
281.01,4,0.85,7,3,3,1,2,0.66,Manual Learner
809.43,1,0.07,2,3,2,1,2,0.95,Manual Learner
246.12,1,0.24,7,2,6,0,3,0.9,Manual Learner
172.29,16,5.57,16,14,2,7,3,0.92,Experimental Learner
139.01,16,6.91,22,14,1,5,2,0.84,Experimental Learner
33.49,23,41.2,24,5,1,7,3,0.63,Experimental Learner
205.75,24,7.0,23,7,0,4,3,0.9,Experimental Learner
235.93,5,1.27,7,8,1,6,2,0.79,Experimental Learner
683.17,4,0.35,3,3,5,0,2,0.69,Manual Learner
776.72,4,0.31,5,3,2,1,2,0.72,Manual Learner
257.39,23,5.36,5,13,1,4,3,0.82,Experimental Learner
377.74,1,0.16,3,2,3,1,2,0.63,Manual Learner
651.52,3,0.28,2,0,6,0,1,0.83,Manual Learner
747.73,3,0.24,6,0,4,0,2,0.69,Manual Learner
60.07,24,23.97,20,6,0,9,3,0.64,Experimental Learner
163.34,11,4.04,15,14,0,7,3,0.84,Experimental Learner
710.04,3,0.25,3,2,2,0,2,0.65,Manual Learner
672.03,4,0.36,2,2,7,0,2,0.93,Manual Learner
351.47,18,3.07,17,10,1,3,2,0.9,Experimental Learner
583.55,2,0.21,6,1,4,1,3,0.75,Manual Learner
588.04,4,0.41,3,3,2,1,1,0.68,Manual Learner
360.05,9,1.5,24,4,0,3,2,0.87,Experimental Learner
137.71,7,3.05,9,10,2,7,3,0.43,Experimental Learner
65.97,21,19.1,7,14,2,7,2,0.63,Experimental Learner
340.54,20,3.52,7,10,1,6,3,0.7,Experimental Learner
283.84,17,3.59,8,7,0,6,3,0.95,Experimental Learner
225.25,3,0.8,6,1,2,0,1,0.96,Manual Learner
356.18,20,3.37,27,14,0,5,3,0.56,Experimental Learner
814.8,1,0.07,5,3,7,1,1,0.98,Manual Learner
277.17,5,1.08,36,5,1,3,3,0.75,Experimental Learner
361.87,11,1.82,28,9,0,2,1,0.92,Experimental Learner
387.94,8,1.24,6,12,1,4,3,0.81,Experimental Learner
607.12,1,0.1,2,2,4,0,1,0.62,Manual Learner
833.17,2,0.14,6,1,7,1,2,0.77,Manual Learner
612.23,3,0.29,3,3,6,1,3,0.95,Manual Learner
545.27,2,0.22,2,1,2,1,3,0.82,Manual Learner
62.42,12,11.53,39,13,2,3,2,0.88,Experimental Learner
703.17,4,0.34,7,3,6,1,3,0.79,Manual Learner
285.56,11,2.31,9,5,0,9,3,0.74,Experimental Learner
365.69,14,2.3,28,9,1,9,2,0.73,Experimental Learner
238.81,16,4.02,22,7,2,9,3,0.86,Experimental Learner
716.21,4,0.34,4,3,2,1,3,0.89,Manual Learner
323.71,9,1.67,15,8,0,4,2,0.63,Experimental Learner
342.84,14,2.45,30,4,0,5,2,0.49,Experimental Learner
121.82,11,5.42,23,9,2,5,3,0.56,Experimental Learner
640.02,3,0.28,4,0,2,1,3,0.81,Manual Learner
103.42,9,5.22,18,14,0,6,1,0.71,Experimental Learner
359.0,18,3.01,37,13,0,7,1,0.83,Experimental Learner
349.53,6,1.03,5,14,0,5,1,0.85,Experimental Learner
220.08,13,3.54,24,14,0,5,2,0.42,Experimental Learner
301.74,24,4.77,28,9,0,4,3,0.79,Experimental Learner
296.36,3,0.61,5,2,3,1,1,0.66,Manual Learner
508.34,3,0.35,5,1,3,0,3,0.71,Manual Learner
317.62,2,0.38,6,2,7,0,2,0.62,Manual Learner
268.54,3,0.67,6,3,2,0,3,0.84,Manual Learner
343.52,15,2.62,5,11,2,4,1,0.86,Experimental Learner
52.62,8,9.12,34,9,0,7,1,0.84,Experimental Learner
356.11,15,2.53,27,4,1,6,1,0.47,Experimental Learner
68.78,15,13.09,23,9,0,7,1,0.73,Experimental Learner
317.56,20,3.78,35,5,0,6,2,0.41,Experimental Learner
141.87,10,4.23,24,8,0,6,3,0.85,Experimental Learner
47.0,6,7.66,39,10,0,8,1,0.54,Experimental Learner
564.5,1,0.11,2,2,4,1,2,0.93,Manual Learner
249.9,20,4.8,10,7,2,9,1,0.55,Experimental Learner
650.57,3,0.28,3,3,5,1,2,0.78,Manual Learner
46.86,15,19.2,20,5,1,8,2,0.44,Experimental Learner
144.28,22,9.15,5,3,0,9,2,0.57,Experimental Learner
119.04,5,2.52,32,4,0,4,2,0.84,Experimental Learner
185.1,3,0.97,4,1,7,0,3,0.69,Manual Learner
157.63,21,7.99,10,3,1,9,2,0.7,Experimental Learner
154.52,17,6.6,28,11,1,6,1,0.61,Experimental Learner
208.81,17,4.88,8,8,2,7,3,0.9,Experimental Learner
169.22,20,7.09,25,14,2,2,3,0.85,Experimental Learner
73.98,16,12.98,24,9,0,6,1,0.67,Experimental Learner
346.03,11,1.91,32,4,2,5,3,0.79,Experimental Learner
619.58,3,0.29,1,2,2,1,1,0.93,Manual Learner
381.05,13,2.05,39,9,2,7,1,0.88,Experimental Learner
352.3,20,3.41,10,11,0,6,3,0.5,Experimental Learner
491.99,2,0.24,1,1,2,1,3,0.95,Manual Learner
135.29,19,8.43,12,12,1,5,2,0.4,Experimental Learner
398.77,20,3.01,23,8,1,8,2,0.45,Experimental Learner
526.6,3,0.34,4,0,5,0,3,0.69,Manual Learner
178.67,4,1.34,1,2,5,0,3,0.95,Manual Learner
179.16,9,3.01,10,14,1,8,1,0.88,Experimental Learner
113.69,4,2.11,15,10,0,4,3,0.43,Experimental Learner
287.24,1,0.21,6,0,5,1,2,0.74,Manual Learner
792.12,1,0.08,2,0,2,0,2,0.63,Manual Learner
750.28,3,0.24,4,0,3,1,2,0.89,Manual Learner
237.36,1,0.25,5,0,5,0,3,0.75,Manual Learner
553.15,1,0.11,5,1,2,1,2,0.68,Manual Learner
339.01,19,3.36,20,13,2,3,3,0.47,Experimental Learner
600.24,3,0.3,1,2,4,0,1,0.98,Manual Learner
722.0,2,0.17,3,2,2,1,3,0.6,Manual Learner
423.29,1,0.14,5,0,4,1,1,0.73,Manual Learner
154.06,4,1.56,4,0,2,0,1,0.86,Manual Learner
127.48,9,4.24,16,13,0,4,3,0.5,Experimental Learner
483.78,3,0.37,2,3,2,1,1,0.86,Manual Learner
270.56,12,2.66,32,11,0,7,3,0.8,Experimental Learner
296.76,8,1.62,17,14,0,8,2,0.45,Experimental Learner
45.96,9,11.75,5,6,2,3,3,0.71,Experimental Learner
577.9,2,0.21,7,3,5,1,2,0.78,Manual Learner
673.91,3,0.27,7,1,4,1,2,0.77,Manual Learner
892.97,3,0.2,5,2,4,1,2,0.77,Manual Learner
545.86,2,0.22,6,2,5,1,1,0.89,Manual Learner
127.14,18,8.49,26,12,1,2,3,0.47,Experimental Learner
514.48,4,0.47,1,0,4,0,3,0.66,Manual Learner
396.21,5,0.76,22,8,1,4,2,0.5,Experimental Learner
658.02,2,0.18,3,0,3,1,1,0.94,Manual Learner
712.49,2,0.17,3,2,5,1,1,0.66,Manual Learner
287.38,11,2.3,11,9,1,5,2,0.52,Experimental Learner
84.0,15,10.71,22,10,0,8,2,0.57,Experimental Learner
190.49,13,4.09,36,14,1,9,3,0.52,Experimental Learner
206.32,3,0.87,3,3,6,0,3,0.83,Manual Learner
95.59,12,7.53,6,5,2,3,1,0.45,Experimental Learner
386.5,11,1.71,26,5,1,3,3,0.51,Experimental Learner
417.76,2,0.29,7,2,7,1,2,0.64,Manual Learner
120.77,6,2.98,35,8,0,7,1,0.79,Experimental Learner
340.2,7,1.23,7,4,2,5,1,0.42,Experimental Learner
111.88,16,8.58,25,12,0,2,1,0.8,Experimental Learner
642.31,1,0.09,6,1,2,0,3,0.71,Manual Learner
214.98,4,1.12,6,0,5,1,2,0.99,Manual Learner
818.08,3,0.22,6,3,7,1,3,1.0,Manual Learner
747.01,2,0.16,6,3,5,1,1,0.99,Manual Learner
524.68,4,0.46,4,2,2,0,3,0.64,Manual Learner
343.99,5,0.87,17,3,2,8,1,0.87,Experimental Learner
86.5,6,4.16,29,3,1,2,2,0.79,Experimental Learner
252.12,24,5.71,13,5,1,7,3,0.46,Experimental Learner
98.19,21,12.83,34,11,1,4,2,0.54,Experimental Learner
868.21,2,0.14,4,1,4,1,3,0.75,Manual Learner
402.71,2,0.3,2,2,6,1,3,0.96,Manual Learner
197.16,12,3.65,14,13,1,9,3,0.8,Experimental Learner
284.86,23,4.84,32,10,2,2,3,0.64,Experimental Learner
524.91,2,0.23,3,1,7,0,2,0.79,Manual Learner
629.56,4,0.38,4,1,2,1,3,0.74,Manual Learner
304.25,2,0.39,4,0,6,0,3,0.62,Manual Learner
290.41,21,4.34,14,10,0,4,1,0.88,Experimental Learner
497.12,3,0.36,5,0,7,0,2,0.9,Manual Learner
808.06,3,0.22,2,0,2,1,3,0.68,Manual Learner
619.52,4,0.39,3,0,2,0,2,0.9,Manual Learner
87.54,4,2.74,24,9,2,9,1,0.51,Experimental Learner
543.48,1,0.11,2,0,6,1,3,0.68,Manual Learner
108.38,12,6.64,5,7,2,6,2,0.92,Experimental Learner
88.27,6,4.08,20,6,0,2,3,0.78,Experimental Learner
545.87,3,0.33,5,1,6,0,1,0.61,Manual Learner
446.25,1,0.13,4,3,2,1,2,0.78,Manual Learner
837.49,3,0.21,5,2,4,0,2,0.73,Manual Learner
242.76,19,4.7,22,11,2,7,3,0.85,Experimental Learner
264.84,1,0.23,5,2,4,0,3,0.9,Manual Learner
363.49,4,0.66,4,1,3,0,3,0.9,Manual Learner
297.81,20,4.03,22,4,2,9,1,0.81,Experimental Learner
128.64,4,1.87,24,7,2,4,1,0.8,Experimental Learner
350.51,20,3.42,19,3,1,8,3,0.71,Experimental Learner
184.07,4,1.3,6,1,4,0,1,0.74,Manual Learner
202.14,24,7.12,35,12,2,2,3,0.89,Experimental Learner
644.29,2,0.19,1,1,7,0,1,0.87,Manual Learner
89.37,10,6.71,34,4,0,7,2,0.66,Experimental Learner
589.79,3,0.31,7,0,3,0,2,0.95,Manual Learner
45.07,22,29.29,37,6,0,7,2,0.72,Experimental Learner
84.92,20,14.13,11,5,2,3,1,0.66,Experimental Learner
270.96,19,4.21,12,7,0,2,3,0.65,Experimental Learner
314.69,1,0.19,3,0,7,0,1,0.61,Manual Learner
60.93,10,9.85,14,8,2,4,3,0.43,Experimental Learner
278.73,2,0.43,1,3,5,0,2,0.9,Manual Learner
121.27,7,3.46,37,11,1,7,1,0.87,Experimental Learner
569.63,1,0.11,6,3,3,0,3,0.7,Manual Learner
59.06,20,20.32,10,4,1,5,3,0.48,Experimental Learner
115.0,6,3.13,20,8,1,2,1,0.92,Experimental Learner
667.75,3,0.27,5,3,5,1,2,0.96,Manual Learner
227.02,22,5.81,27,6,1,4,2,0.74,Experimental Learner
718.21,2,0.17,7,0,7,0,3,0.84,Manual Learner
95.88,11,6.88,21,11,0,6,1,0.93,Experimental Learner
220.07,18,4.91,13,11,2,5,2,0.84,Experimental Learner
159.16,20,7.54,13,13,0,5,1,0.62,Experimental Learner
235.8,4,1.02,2,1,2,1,3,0.64,Manual Learner
111.81,15,8.05,8,6,0,5,3,0.54,Experimental Learner
71.3,7,5.89,39,11,0,4,2,0.87,Experimental Learner
350.23,3,0.51,6,1,3,0,1,0.77,Manual Learner
832.34,4,0.29,5,2,5,0,1,0.88,Manual Learner
52.37,17,19.48,35,10,1,3,3,0.54,Experimental Learner
676.84,2,0.18,6,0,4,1,1,0.93,Manual Learner
404.27,3,0.45,5,0,2,0,1,0.61,Manual Learner
145.21,19,7.85,28,9,2,7,3,0.69,Experimental Learner
169.46,6,2.12,25,12,2,6,3,0.63,Experimental Learner
812.65,2,0.15,1,3,7,1,1,0.89,Manual Learner
206.49,5,1.45,11,13,2,2,2,0.58,Experimental Learner
190.98,17,5.34,28,3,0,4,2,0.89,Experimental Learner
493.0,3,0.37,5,0,7,0,2,0.93,Manual Learner
414.61,1,0.14,7,3,7,0,2,0.79,Manual Learner
51.75,8,9.27,36,13,2,4,2,0.55,Experimental Learner
242.37,2,0.5,6,2,5,1,1,0.85,Manual Learner
75.29,11,8.77,21,13,1,5,1,0.69,Experimental Learner
88.22,7,4.76,10,10,2,9,1,0.75,Experimental Learner
340.49,17,3.0,30,7,2,6,2,0.65,Experimental Learner
434.27,2,0.28,3,0,2,0,2,0.76,Manual Learner
356.35,1,0.17,6,0,5,1,3,0.82,Manual Learner
324.54,13,2.4,8,10,2,3,1,0.73,Experimental Learner
152.8,10,3.93,25,4,1,4,1,0.4,Experimental Learner
223.81,2,0.54,5,0,5,1,2,0.88,Manual Learner
353.24,1,0.17,6,2,7,0,2,0.63,Manual Learner
357.51,9,1.51,19,13,0,9,1,0.73,Experimental Learner
280.82,17,3.63,16,12,1,2,3,0.66,Experimental Learner
175.01,4,1.37,17,4,1,9,2,0.94,Experimental Learner
172.51,21,7.3,18,3,1,3,2,0.8,Experimental Learner
438.11,3,0.41,5,1,2,1,2,0.8,Manual Learner
296.12,18,3.65,31,5,2,4,2,0.58,Experimental Learner
245.27,7,1.71,27,5,1,6,3,0.5,Experimental Learner
88.5,14,9.49,19,6,1,4,2,0.61,Experimental Learner
315.95,20,3.8,23,4,2,7,2,0.83,Experimental Learner
364.34,1,0.16,3,0,2,1,2,0.68,Manual Learner
100.33,6,3.59,9,3,2,4,2,0.92,Experimental Learner
42.36,20,28.33,25,7,1,7,1,0.87,Experimental Learner
305.54,19,3.73,22,9,1,2,1,0.94,Experimental Learner
271.74,2,0.44,1,0,5,0,3,0.96,Manual Learner
396.52,6,0.91,30,4,1,4,2,0.44,Experimental Learner
463.16,3,0.39,2,1,7,0,3,0.75,Manual Learner
180.88,10,3.32,9,3,1,8,1,0.58,Experimental Learner
234.26,2,0.51,2,3,7,0,1,0.73,Manual Learner
161.17,9,3.35,23,11,0,5,2,0.71,Experimental Learner
239.89,10,2.5,20,4,1,3,1,0.68,Experimental Learner
396.18,3,0.45,5,3,2,1,1,0.86,Manual Learner
751.37,3,0.24,7,2,7,1,2,0.71,Manual Learner
262.43,9,2.06,26,8,0,9,1,0.52,Experimental Learner
242.93,4,0.99,7,2,2,1,2,0.98,Manual Learner
545.32,3,0.33,5,3,3,0,2,0.93,Manual Learner
329.13,20,3.65,39,10,1,5,3,0.73,Experimental Learner
303.75,5,0.99,31,12,2,9,2,0.76,Experimental Learner
595.93,3,0.3,6,0,6,1,2,0.8,Manual Learner
276.78,2,0.43,2,2,7,0,1,0.99,Manual Learner
692.3,4,0.35,5,1,6,1,2,0.88,Manual Learner
238.48,17,4.28,7,13,0,4,3,0.67,Experimental Learner
250.73,24,5.74,18,12,2,8,3,0.79,Experimental Learner
359.43,24,4.01,25,11,2,5,1,0.75,Experimental Learner
206.57,9,2.61,15,14,1,3,2,0.9,Experimental Learner
281.78,4,0.85,5,1,4,1,1,0.83,Manual Learner
94.08,15,9.57,25,12,1,7,3,0.6,Experimental Learner
863.41,2,0.14,4,3,2,1,3,0.68,Manual Learner
290.91,17,3.51,38,3,2,6,1,0.82,Experimental Learner
621.9,1,0.1,5,3,2,0,1,0.62,Manual Learner
343.24,4,0.7,7,1,5,1,3,0.94,Manual Learner
174.81,22,7.55,35,9,2,5,3,0.9,Experimental Learner
225.57,4,1.06,36,11,1,8,3,0.43,Experimental Learner
546.22,3,0.33,1,3,7,1,1,0.89,Manual Learner
875.66,3,0.21,3,2,2,1,1,0.82,Manual Learner
392.52,20,3.06,16,14,1,6,1,0.69,Experimental Learner
122.89,17,8.3,26,14,2,8,1,0.53,Experimental Learner
242.91,3,0.74,2,2,5,0,1,0.9,Manual Learner
372.84,6,0.97,28,3,0,5,1,0.53,Experimental Learner
386.07,7,1.09,18,6,0,5,2,0.56,Experimental Learner
111.85,15,8.05,17,14,1,2,1,0.61,Experimental Learner
81.93,23,16.84,25,6,1,5,1,0.41,Experimental Learner
196.37,2,0.61,3,0,6,1,3,0.98,Manual Learner
680.85,1,0.09,5,3,3,1,1,0.81,Manual Learner
200.87,21,6.27,12,8,2,5,1,0.93,Experimental Learner
340.39,12,2.12,32,13,0,9,2,0.82,Experimental Learner
130.48,6,2.76,11,14,0,5,2,0.72,Experimental Learner
314.54,23,4.39,28,3,0,6,2,0.58,Experimental Learner
157.68,4,1.52,3,3,3,1,2,0.62,Manual Learner
183.58,4,1.31,5,3,5,0,2,0.66,Manual Learner
246.23,18,4.39,28,3,1,8,3,0.89,Experimental Learner
667.52,4,0.36,2,1,5,1,2,0.6,Manual Learner
351.32,8,1.37,15,14,2,9,1,0.65,Experimental Learner
142.7,24,10.09,20,8,1,9,1,0.63,Experimental Learner
657.58,3,0.27,1,1,3,0,3,0.66,Manual Learner
684.66,1,0.09,6,1,2,1,3,0.89,Manual Learner
722.85,2,0.17,6,1,5,0,2,0.89,Manual Learner
244.06,23,5.65,33,4,2,5,3,0.92,Experimental Learner
274.09,4,0.88,5,1,4,0,2,0.92,Manual Learner
184.44,11,3.58,30,10,0,5,2,0.41,Experimental Learner
231.77,7,1.81,30,5,1,8,2,0.4,Experimental Learner
879.8,4,0.27,7,2,3,0,1,0.77,Manual Learner
162.03,8,2.96,7,3,1,9,1,0.58,Experimental Learner
644.13,2,0.19,4,1,3,1,2,0.8,Manual Learner
383.71,16,2.5,9,7,2,4,3,0.78,Experimental Learner
407.93,4,0.59,1,2,7,1,2,0.76,Manual Learner
45.0,22,29.34,11,7,1,6,2,0.83,Experimental Learner
252.53,15,3.56,33,13,0,9,3,0.79,Experimental Learner
296.74,2,0.4,2,1,3,0,2,0.65,Manual Learner
68.88,19,16.55,5,5,0,8,1,0.94,Experimental Learner
316.55,4,0.76,2,2,4,1,2,0.91,Manual Learner
619.48,4,0.39,4,1,7,1,2,0.72,Manual Learner
333.42,4,0.72,21,11,2,3,3,0.51,Experimental Learner
252.35,16,3.8,23,9,1,4,3,0.74,Experimental Learner
48.08,10,12.48,20,7,2,9,3,0.43,Experimental Learner
335.87,23,4.11,24,5,0,8,2,0.43,Experimental Learner
621.68,2,0.19,7,2,4,0,3,0.97,Manual Learner
329.57,4,0.73,5,0,6,0,2,0.86,Manual Learner
303.72,7,1.38,30,3,0,7,1,0.47,Experimental Learner
368.01,11,1.79,32,14,0,4,2,0.5,Experimental Learner
350.32,1,0.17,6,3,2,1,2,0.99,Manual Learner
59.32,16,16.18,36,7,1,3,2,0.76,Experimental Learner
206.54,11,3.2,23,12,1,2,1,0.83,Experimental Learner
445.93,1,0.13,3,2,3,0,2,0.85,Manual Learner
279.38,4,0.86,7,0,7,0,2,0.73,Manual Learner
177.64,2,0.68,3,3,7,1,3,0.74,Manual Learner
188.64,6,1.91,14,10,1,6,1,0.89,Experimental Learner
643.48,3,0.28,3,3,7,0,2,0.8,Manual Learner
826.44,1,0.07,4,1,3,1,3,0.62,Manual Learner
552.62,1,0.11,3,2,4,1,1,0.65,Manual Learner
268.23,3,0.67,7,2,5,0,2,0.75,Manual Learner
82.27,4,2.92,14,6,1,6,2,0.82,Experimental Learner
334.65,12,2.15,11,4,0,9,1,0.83,Experimental Learner
372.42,14,2.26,15,3,2,8,2,0.85,Experimental Learner
83.98,5,3.57,7,14,2,5,2,0.59,Experimental Learner
434.2,3,0.41,7,0,2,1,1,0.92,Manual Learner
77.56,14,10.83,6,8,0,9,1,0.41,Experimental Learner
703.74,4,0.34,6,3,7,0,2,0.73,Manual Learner
314.66,23,4.39,23,7,0,3,1,0.68,Experimental Learner
35.06,4,6.85,38,11,1,9,2,0.52,Experimental Learner
302.79,19,3.77,8,4,1,6,2,0.86,Experimental Learner
808.23,3,0.22,4,0,2,0,1,0.68,Manual Learner
522.3,1,0.11,6,1,3,1,3,0.66,Manual Learner
373.71,23,3.69,34,9,1,7,3,0.47,Experimental Learner
475.61,4,0.5,1,1,4,0,1,0.97,Manual Learner
333.01,21,3.78,29,11,0,7,1,0.76,Experimental Learner
166.69,16,5.76,21,7,1,6,1,0.57,Experimental Learner
602.38,3,0.3,7,1,5,1,3,0.92,Manual Learner
639.84,3,0.28,4,0,5,1,1,0.96,Manual Learner
31.29,18,34.52,12,3,0,9,3,0.73,Experimental Learner
760.48,2,0.16,3,3,4,0,2,0.81,Manual Learner
131.6,11,5.02,19,7,2,6,2,0.9,Experimental Learner
314.46,11,2.1,15,3,2,5,1,0.41,Experimental Learner
166.24,1,0.36,7,1,7,0,3,0.64,Manual Learner
305.2,23,4.52,16,11,1,6,2,0.41,Experimental Learner
300.99,16,3.19,11,7,1,9,2,0.8,Experimental Learner
343.86,19,3.32,26,3,1,3,2,0.7,Experimental Learner
673.72,2,0.18,6,3,5,0,3,0.87,Manual Learner
164.77,4,1.46,1,2,4,0,2,0.67,Manual Learner
322.66,3,0.56,6,2,6,1,2,0.67,Manual Learner
215.35,1,0.28,3,2,2,0,2,0.98,Manual Learner
334.38,6,1.08,9,5,0,5,3,0.61,Experimental Learner
391.17,14,2.15,24,13,0,5,2,0.43,Experimental Learner
155.38,2,0.77,7,2,6,1,1,0.69,Manual Learner
370.23,4,0.65,15,9,0,6,3,0.89,Experimental Learner
138.47,6,2.6,9,3,1,2,1,0.89,Experimental Learner
625.41,1,0.1,7,1,7,0,2,0.98,Manual Learner
419.46,1,0.14,1,3,7,1,3,0.61,Manual Learner
425.23,1,0.14,2,2,7,1,1,0.92,Manual Learner
169.63,4,1.41,10,10,2,7,2,0.64,Experimental Learner
829.3,4,0.29,6,0,6,0,2,0.96,Manual Learner
677.78,3,0.27,3,1,5,0,3,0.99,Manual Learner
242.33,13,3.22,36,3,2,7,3,0.44,Experimental Learner
822.42,2,0.15,6,0,6,0,3,0.77,Manual Learner
756.7,2,0.16,3,2,6,0,3,0.94,Manual Learner
706.42,2,0.17,1,2,2,1,2,0.62,Manual Learner
363.7,24,3.96,6,7,2,5,2,0.79,Experimental Learner
243.48,11,2.71,9,11,0,7,2,0.92,Experimental Learner
167.99,5,1.79,6,11,2,2,1,0.79,Experimental Learner
123.94,13,6.29,7,7,1,9,1,0.79,Experimental Learner
112.3,12,6.41,23,14,0,5,1,0.82,Experimental Learner
317.27,7,1.32,9,8,1,8,2,0.95,Experimental Learner
376.02,13,2.07,10,10,1,8,3,0.6,Experimental Learner
219.33,15,4.1,39,6,0,8,3,0.62,Experimental Learner
225.58,9,2.39,14,9,2,3,3,0.94,Experimental Learner
277.83,15,3.24,20,9,2,8,1,0.86,Experimental Learner
279.09,17,3.65,18,7,1,2,1,0.63,Experimental Learner
318.59,2,0.38,2,1,5,0,1,0.93,Manual Learner
583.23,4,0.41,2,0,5,1,2,0.86,Manual Learner
532.11,1,0.11,2,2,4,1,2,0.87,Manual Learner
734.51,3,0.25,3,1,3,0,1,0.62,Manual Learner
337.43,19,3.38,31,8,1,5,1,0.87,Experimental Learner
449.42,4,0.53,6,3,4,1,1,0.71,Manual Learner
86.25,20,13.91,27,13,1,3,2,0.53,Experimental Learner
176.77,15,5.09,30,3,1,4,1,0.64,Experimental Learner
199.4,16,4.81,33,10,2,3,3,0.72,Experimental Learner
268.51,4,0.89,15,9,2,5,3,0.55,Experimental Learner
344.03,23,4.01,19,3,2,6,1,0.42,Experimental Learner
574.08,4,0.42,3,2,7,1,1,0.71,Manual Learner
31.43,21,40.09,30,4,1,4,3,0.78,Experimental Learner
219.47,4,1.09,1,2,7,0,3,0.77,Manual Learner
805.23,3,0.22,2,2,6,0,3,0.72,Manual Learner
112.51,9,4.8,18,13,2,5,3,0.87,Experimental Learner
118.44,11,5.57,29,3,1,8,1,0.63,Experimental Learner
302.07,5,0.99,13,13,2,2,2,0.55,Experimental Learner
753.13,4,0.32,3,2,4,0,1,0.87,Manual Learner
155.59,10,3.86,38,14,0,8,1,0.72,Experimental Learner
122.75,20,9.78,24,9,0,2,2,0.76,Experimental Learner
198.61,18,5.44,27,10,1,9,1,0.54,Experimental Learner
106.54,23,12.95,32,8,0,5,3,0.5,Experimental Learner
283.82,11,2.33,8,7,2,4,2,0.59,Experimental Learner
689.07,2,0.17,6,1,3,1,3,0.71,Manual Learner
599.9,3,0.3,1,0,3,0,2,0.71,Manual Learner
677.39,2,0.18,4,2,7,0,2,0.79,Manual Learner
744.05,2,0.16,2,1,3,1,3,0.9,Manual Learner
44.4,18,24.32,9,13,1,2,3,0.66,Experimental Learner
288.2,4,0.83,5,2,6,1,1,0.62,Manual Learner
212.63,2,0.56,4,3,2,0,2,0.91,Manual Learner
380.91,6,0.95,14,8,0,2,1,0.79,Experimental Learner
419.78,4,0.57,3,1,3,0,3,0.86,Manual Learner
366.99,12,1.96,8,11,0,9,2,0.76,Experimental Learner
57.4,20,20.91,38,13,0,4,2,0.74,Experimental Learner
275.19,14,3.05,38,7,0,5,2,0.86,Experimental Learner
164.0,23,8.41,39,4,0,7,2,0.88,Experimental Learner
392.74,19,2.9,35,9,0,8,3,0.64,Experimental Learner
175.88,21,7.16,33,14,1,2,3,0.51,Experimental Learner
480.28,1,0.12,1,0,6,1,1,0.82,Manual Learner
277.98,2,0.43,5,0,3,0,1,0.69,Manual Learner
617.14,4,0.39,2,2,4,0,3,0.81,Manual Learner
122.84,19,9.28,37,3,1,9,1,0.9,Experimental Learner
257.16,9,2.1,36,3,0,6,3,0.77,Experimental Learner
342.26,2,0.35,1,1,7,1,1,0.7,Manual Learner
292.76,14,2.87,10,4,2,7,2,0.87,Experimental Learner
182.12,2,0.66,5,0,2,0,2,0.61,Manual Learner
362.83,21,3.47,34,9,2,5,3,0.64,Experimental Learner
822.14,2,0.15,7,1,7,1,3,0.68,Manual Learner
380.44,21,3.31,28,8,2,3,2,0.92,Experimental Learner
797.97,3,0.23,1,0,4,0,1,0.79,Manual Learner
864.05,4,0.28,4,0,7,1,1,0.61,Manual Learner
289.88,12,2.48,24,5,2,5,3,0.72,Experimental Learner
296.29,5,1.01,28,4,1,3,1,0.53,Experimental Learner
292.65,10,2.05,16,9,1,7,1,0.54,Experimental Learner
182.88,13,4.27,13,12,1,7,2,0.8,Experimental Learner
248.94,4,0.96,25,11,1,3,2,0.58,Experimental Learner
799.57,4,0.3,4,0,4,1,1,0.93,Manual Learner
457.97,3,0.39,6,3,4,0,3,0.68,Manual Learner
391.86,10,1.53,24,8,2,9,2,0.81,Experimental Learner
290.13,20,4.14,37,3,1,2,2,0.57,Experimental Learner
356.32,6,1.01,27,4,0,3,2,0.82,Experimental Learner
87.94,4,2.73,9,8,1,8,1,0.94,Experimental Learner
550.21,4,0.44,2,1,4,1,3,0.8,Manual Learner
331.9,3,0.54,7,2,7,1,1,0.85,Manual Learner
583.08,4,0.41,1,2,6,1,3,0.67,Manual Learner
67.76,7,6.2,16,11,0,2,1,0.94,Experimental Learner
794.23,2,0.15,1,3,5,0,2,0.97,Manual Learner
284.76,2,0.42,6,0,6,0,3,0.61,Manual Learner
779.92,1,0.08,5,1,5,1,1,0.7,Manual Learner
299.27,23,4.61,9,11,2,3,2,0.58,Experimental Learner
694.05,2,0.17,3,3,5,1,3,0.68,Manual Learner
161.78,12,4.45,19,12,2,3,2,0.64,Experimental Learner
364.05,4,0.66,33,5,2,8,1,0.63,Experimental Learner
46.35,13,16.83,31,6,0,3,1,0.54,Experimental Learner
403.51,4,0.59,5,2,5,1,1,0.68,Manual Learner
64.31,16,14.93,22,5,1,7,2,0.89,Experimental Learner
390.24,9,1.38,35,10,0,8,1,0.59,Experimental Learner
564.75,1,0.11,2,1,3,1,2,0.87,Manual Learner
391.16,22,3.37,12,4,1,8,3,0.78,Experimental Learner
229.67,8,2.09,7,14,2,7,2,0.71,Experimental Learner
175.01,21,7.2,13,14,2,9,2,0.42,Experimental Learner
846.45,4,0.28,3,2,4,0,2,0.92,Manual Learner
344.52,4,0.7,8,10,2,8,3,0.69,Experimental Learner
108.74,13,7.17,20,14,0,4,1,0.94,Experimental Learner
594.83,4,0.4,3,3,4,1,2,0.73,Manual Learner
385.55,18,2.8,20,4,2,8,3,0.73,Experimental Learner
197.19,3,0.91,6,0,5,0,2,0.92,Manual Learner
737.71,2,0.16,3,0,7,0,1,0.66,Manual Learner
90.25,4,2.66,38,8,1,3,1,0.51,Experimental Learner
254.91,23,5.41,36,3,0,9,3,0.69,Experimental Learner
167.96,22,7.86,7,3,2,3,3,0.6,Experimental Learner
92.06,14,9.12,10,12,0,5,2,0.43,Experimental Learner
253.79,4,0.95,6,2,7,0,3,0.68,Manual Learner
122.32,17,8.34,31,3,1,6,2,0.45,Experimental Learner
377.67,23,3.65,28,9,2,6,3,0.51,Experimental Learner
159.24,22,8.29,22,7,0,4,3,0.8,Experimental Learner
428.6,4,0.56,3,3,6,1,3,0.73,Manual Learner
249.49,13,3.13,18,4,1,6,1,0.49,Experimental Learner
836.2,1,0.07,3,2,3,1,3,0.98,Manual Learner
33.18,13,23.51,29,12,1,8,3,0.55,Experimental Learner
408.37,4,0.59,5,0,4,1,1,0.79,Manual Learner
74.19,13,10.51,29,8,2,7,2,0.93,Experimental Learner
146.98,10,4.08,6,5,0,9,1,0.7,Experimental Learner
352.02,19,3.24,15,12,1,9,1,0.7,Experimental Learner
853.95,2,0.14,7,3,3,1,3,0.83,Manual Learner
205.99,10,2.91,11,4,1,9,1,0.72,Experimental Learner
663.7,2,0.18,6,1,2,0,2,0.89,Manual Learner
574.89,2,0.21,5,3,4,1,3,0.8,Manual Learner
82.12,7,5.11,5,3,0,7,3,0.89,Experimental Learner
103.86,14,8.09,23,10,2,2,3,0.46,Experimental Learner
89.45,20,13.41,11,11,2,5,2,0.61,Experimental Learner
393.12,22,3.36,9,6,2,6,2,0.46,Experimental Learner
561.56,2,0.21,2,3,4,0,2,0.83,Manual Learner
339.47,12,2.12,19,7,1,7,2,0.71,Experimental Learner
384.48,3,0.47,2,1,4,0,3,0.83,Manual Learner
574.45,1,0.1,5,0,4,0,2,0.88,Manual Learner
555.06,3,0.32,4,2,6,1,3,0.92,Manual Learner
92.7,18,11.65,25,9,2,7,3,0.85,Experimental Learner
684.43,4,0.35,7,2,6,1,3,0.8,Manual Learner
138.92,10,4.32,8,6,2,7,3,0.87,Experimental Learner
220.15,1,0.27,2,0,7,1,2,0.99,Manual Learner
563.6,3,0.32,6,2,3,1,3,0.84,Manual Learner
168.86,2,0.71,7,1,5,1,3,0.91,Manual Learner
748.96,2,0.16,7,0,3,1,3,0.72,Manual Learner
459.57,4,0.52,7,3,2,0,2,0.87,Manual Learner
744.19,4,0.32,7,2,2,1,1,0.99,Manual Learner
209.2,2,0.57,7,1,7,1,2,0.82,Manual Learner
272.54,15,3.3,28,7,2,3,2,0.68,Experimental Learner
527.35,3,0.34,4,3,4,0,2,0.92,Manual Learner
169.17,1,0.35,2,1,3,1,3,0.78,Manual Learner
758.03,1,0.08,1,3,3,1,3,0.82,Manual Learner
340.13,14,2.47,37,12,0,4,3,0.79,Experimental Learner
848.78,4,0.28,3,0,7,1,2,0.81,Manual Learner
835.75,1,0.07,4,1,2,1,1,0.91,Manual Learner
599.05,2,0.2,5,1,3,0,2,0.7,Manual Learner
348.26,10,1.72,15,6,1,8,2,0.93,Experimental Learner
571.67,3,0.31,7,0,2,1,2,0.64,Manual Learner
165.3,19,6.9,38,8,1,4,1,0.86,Experimental Learner
287.1,23,4.81,31,11,0,6,2,0.42,Experimental Learner
849.21,1,0.07,6,2,3,1,1,0.98,Manual Learner
342.8,1,0.18,2,2,2,0,1,0.99,Manual Learner
528.23,4,0.45,6,3,5,1,3,0.86,Manual Learner
270.37,9,2.0,32,9,2,3,3,0.48,Experimental Learner
302.7,13,2.58,15,13,2,9,1,0.53,Experimental Learner
121.4,15,7.41,19,8,1,7,3,0.65,Experimental Learner
323.79,11,2.04,26,11,2,9,3,0.62,Experimental Learner
224.09,18,4.82,5,10,0,4,2,0.49,Experimental Learner
163.79,10,3.66,23,6,0,6,3,0.6,Experimental Learner
478.44,3,0.38,4,3,5,0,2,0.62,Manual Learner
198.91,8,2.41,7,6,2,9,2,0.76,Experimental Learner
457.87,4,0.52,4,3,2,0,1,1.0,Manual Learner
185.01,24,7.78,12,3,2,7,1,0.49,Experimental Learner
696.95,3,0.26,5,3,2,1,1,0.85,Manual Learner
283.82,21,4.44,11,13,2,2,3,0.73,Experimental Learner
659.66,3,0.27,3,3,2,1,1,0.96,Manual Learner
798.5,1,0.08,4,1,5,0,1,0.85,Manual Learner
509.06,3,0.35,2,2,4,0,2,0.61,Manual Learner
892.21,1,0.07,1,0,3,0,1,0.75,Manual Learner
121.67,12,5.92,21,3,1,4,1,0.92,Experimental Learner
74.28,8,6.46,17,6,0,3,1,0.67,Experimental Learner
187.49,10,3.2,14,7,0,9,3,0.91,Experimental Learner
642.41,2,0.19,4,1,6,0,2,0.96,Manual Learner
412.2,3,0.44,7,1,3,0,1,0.89,Manual Learner
278.74,21,4.52,32,11,2,3,1,0.73,Experimental Learner
350.24,13,2.23,13,11,0,5,3,0.54,Experimental Learner
768.91,4,0.31,4,2,3,0,1,0.61,Manual Learner
211.19,8,2.27,10,8,1,6,1,0.46,Experimental Learner
562.13,2,0.21,2,2,4,0,2,0.77,Manual Learner
179.15,3,1.0,1,0,4,1,3,0.65,Manual Learner
294.8,12,2.44,5,11,0,4,1,0.43,Experimental Learner
44.66,13,17.46,33,6,1,8,3,0.81,Experimental Learner
372.38,22,3.54,39,11,1,2,1,0.6,Experimental Learner
548.25,3,0.33,3,2,4,1,3,0.71,Manual Learner
154.01,4,1.56,32,12,1,5,1,0.76,Experimental Learner
693.36,4,0.35,4,2,4,1,3,0.94,Manual Learner
231.79,14,3.62,30,8,1,8,3,0.86,Experimental Learner
328.52,1,0.18,2,1,2,0,2,0.68,Manual Learner
67.6,21,18.64,14,4,1,8,2,0.63,Experimental Learner
394.27,6,0.91,24,10,0,9,1,0.93,Experimental Learner
308.41,5,0.97,28,3,0,6,2,0.84,Experimental Learner
117.81,10,5.09,25,7,0,6,3,0.54,Experimental Learner
115.51,8,4.16,26,3,1,5,1,0.85,Experimental Learner
346.38,7,1.21,16,9,2,6,2,0.73,Experimental Learner
252.1,10,2.38,9,6,1,3,1,0.55,Experimental Learner
309.37,2,0.39,6,0,5,1,1,0.92,Manual Learner
355.76,24,4.05,33,7,2,4,2,0.93,Experimental Learner
145.9,14,5.76,35,9,2,3,3,0.89,Experimental Learner
450.04,4,0.53,5,3,6,1,3,0.95,Manual Learner
384.05,14,2.19,11,11,2,2,1,0.71,Experimental Learner
576.0,4,0.42,3,1,2,1,2,0.89,Manual Learner
670.83,1,0.09,2,1,2,0,1,0.84,Manual Learner
250.85,18,4.31,33,5,1,8,3,0.94,Experimental Learner
262.46,2,0.46,1,2,5,0,2,0.67,Manual Learner
384.0,24,3.75,13,6,0,6,1,0.61,Experimental Learner
250.51,4,0.96,7,9,1,5,1,0.62,Experimental Learner
636.26,4,0.38,4,0,7,0,1,0.91,Manual Learner
378.22,4,0.63,7,0,6,1,1,0.8,Manual Learner
376.82,20,3.18,27,4,0,3,2,0.48,Experimental Learner
598.88,4,0.4,6,2,2,0,3,0.88,Manual Learner
120.55,8,3.98,18,9,0,6,1,0.57,Experimental Learner
281.28,1,0.21,2,1,7,0,3,0.74,Manual Learner
118.4,23,11.66,19,3,2,8,2,0.53,Experimental Learner
525.54,2,0.23,5,2,4,1,2,0.71,Manual Learner
111.2,8,4.32,35,13,2,5,2,0.81,Experimental Learner
408.37,3,0.44,4,2,4,0,3,0.99,Manual Learner
412.95,4,0.58,5,3,3,0,1,0.98,Manual Learner
384.64,23,3.59,12,13,0,6,2,0.91,Experimental Learner
237.89,2,0.5,1,1,6,1,3,0.88,Manual Learner
692.47,2,0.17,4,1,2,0,1,0.8,Manual Learner
877.31,3,0.21,4,2,4,0,3,0.86,Manual Learner
613.86,2,0.2,2,3,4,0,3,0.82,Manual Learner
275.56,4,0.87,4,1,3,1,3,0.81,Manual Learner
174.37,24,8.26,33,13,0,3,1,0.44,Experimental Learner
839.15,3,0.21,6,1,5,1,2,0.83,Manual Learner
335.83,14,2.5,25,14,2,6,1,0.94,Experimental Learner
439.93,1,0.14,7,3,3,1,1,0.75,Manual Learner
850.05,1,0.07,6,1,4,0,3,0.86,Manual Learner
